book_name,book_author,book_narrator,book_price,book_imagelink
The Book,Keith Houston,Dennis Kleinman,$17.49,https://m.media-amazon.com/images/I/41-Cmh8JOBL._SL500_.jpg
The Book of Satoshi,Phil Champagne,Stephanie Murphy,$19.95,https://m.media-amazon.com/images/I/51q7hfFC7TL._SL500_.jpg
The Product Book,Product School,Russell Newton,$19.95,https://m.media-amazon.com/images/I/51xOb+NhSiL._SL500_.jpg
The Book on Healthcare IT Volume 2,James Scott,Kelly Rhodes,$14.95,https://m.media-amazon.com/images/I/61z8Kk40DjL._SL500_.jpg
Coding Languages for Absolute Beginners: 6 Books in 1,Zach Webber,William Bahl,$19.95,https://m.media-amazon.com/images/I/51C11P1JS7L._SL500_.jpg
"Learn Fast How to Hack, Strategies and Hacking Methods, Penetration Testing Hacking Book and Black Hat Hacking",Alex Wagner,Matthew Broadhead,$6.95,https://m.media-amazon.com/images/I/61zeWCkZ8rL._SL500_.jpg
Printer's Error,Rebecca Romney,J.P. Romney,$24.95,https://m.media-amazon.com/images/I/615OcHSWprL._SL500_.jpg
Social Media Marketing for Business 2022 - 6 Books in 1,Nathan Damron,Tom Brooks,$29.95,https://m.media-amazon.com/images/I/51vLIIu+I9L._SL500_.jpg
Neural Networks for Beginners,Russel R. Russo,Zachary Zaba,$14.95,https://m.media-amazon.com/images/I/51HK3v1rgVL._SL500_.jpg
Coding Games,Robert C. Matthews,Ben Herold,$19.95,https://m.media-amazon.com/images/I/51OtJ1jhv6L._SL500_.jpg
Social Media Marketing: 7 Books in 1,Charles Edwards,Richard Barrett,$29.95,https://m.media-amazon.com/images/I/61JRmHoXiuL._SL500_.jpg
User Story Mapping,Jeff Patton,Roy McCrerey,$39.99,https://m.media-amazon.com/images/I/51p99PPnqPL._SL500_.jpg
Social Media Marketing Strategy 2022 3 Books in 1,Dan Cannell,K.C. Wayman,$24.95,https://m.media-amazon.com/images/I/51ogDGbnryL._SL500_.jpg
Breakthrough: Shatter the 25 Little Lies Holding You Back from Firing Your Boss and Launching the Online Business You've Always Dreamed Of,Jonathan Green,Michelle Murillo,$19.95,https://m.media-amazon.com/images/I/51JgbIVGDhL._SL500_.jpg
The Poisoner's Handbook,Deborah Blum,Coleen Marlo,$24.95,https://m.media-amazon.com/images/I/51SFgwk3pGL._SL500_.jpg
Data Analytics for Absolute Beginners: A Deconstructed Guide to Data Literacy,Oliver Theobald,Scott Morgan,$14.95,https://m.media-amazon.com/images/I/41SqybVkTAL._SL500_.jpg
"Python Programming for Beginners: Learn Python in 5 Days with Step-By-Step Guidance, Hands-On Exercises and Solution",James Tudor,Randal Schaffer,$14.95,https://m.media-amazon.com/images/I/61KwpEczbdL._SL500_.jpg
Facebook,Steven Levy,Will Damron,$38.50,https://m.media-amazon.com/images/I/416xIc+6aJL._SL500_.jpg
The Penguin Book of Outer Space Exploration,John Logsdon - editor introduction,Jonathan Davis,$31.95,https://m.media-amazon.com/images/I/5180ru1PshL._SL500_.jpg
The Book on Healthcare IT,James Scott,Garrett Lucier,$6.95,https://m.media-amazon.com/images/I/61s7joWJoDL._SL500_.jpg
Algorithms: 3 Books in 1,Andy Vickler,Helpful Matthew,$24.95,https://m.media-amazon.com/images/I/51N2DTVRJuL._SL500_.jpg
Genius Makers,Cade Metz,John Lee,$28.00,https://m.media-amazon.com/images/I/41q22vFmDUL._SL500_.jpg
SEO Black Book: A Guide to the Search Engine Optimization Industry's Secrets,R. L. Adams,Smokey Rivers,$14.95,https://m.media-amazon.com/images/I/51-OCK3lQcL._SL500_.jpg
Learn Python Programming,Michael Learn,Kevin Tromp,$14.95,https://m.media-amazon.com/images/I/51MeJowe3HL._SL500_.jpg
"The Quick Python Book, Second Edition",Naomi R. Ceder,Mark Thomas,$24.95,https://m.media-amazon.com/images/I/51e+eYP6QmL._SL500_.jpg
Machine Learning for Absolute Beginners,Oliver Theobald,Scott Morgan,$14.95,https://m.media-amazon.com/images/I/41nOsjrimDL._SL500_.jpg
Social Media Marketing and Online Business 2022 6 Books in 1,Dan Cannell,K. C. Wayman,$29.95,https://m.media-amazon.com/images/I/51c5j2wCVeL._SL500_.jpg
A Little Book About Requirements and User Stories,Allan Kelly,Stacy Gonzalez,$6.95,https://m.media-amazon.com/images/I/51Kwhti+DnL._SL500_.jpg
How to Be Fine,Jolenta Greenberg,Jolenta Greenberg,$20.52,https://m.media-amazon.com/images/I/41GbFJCsXAL._SL500_.jpg
CISSP Exam Study Guide,John Knowles,Scott Clem,$29.95,https://m.media-amazon.com/images/I/51iM2aLGG6L._SL500_.jpg
Excel: Bible of 4 Manuscripts in 1,Daniel Jones,William Bahl,$19.95,https://m.media-amazon.com/images/I/61yAahqeihL._SL500_.jpg
A Thousand Brains,Jeff Hawkins,Jamie Renell,$29.65,https://m.media-amazon.com/images/I/41DCmsSZ4pL._SL500_.jpg
The Trail of Gold and Silver,Duane A. Smith,Chuck Buell,$24.95,https://m.media-amazon.com/images/I/51Hx60EKbAL._SL500_.jpg
The Four,Scott Galloway,Jonathan Todd Ross,$24.50,https://m.media-amazon.com/images/I/51rp5JApVIL._SL500_.jpg
The History of the Future,Blake J. Harris,Stephen Graybill,$42.95,https://m.media-amazon.com/images/I/518Aoe0EcHL._SL500_.jpg
CISSP Exam Study Guide for Cybersecurity Professionals,Hugo Hoffman,Khai Lannor,$29.95,https://m.media-amazon.com/images/I/61I-Ljc4w3L._SL500_.jpg
The Simulated Multiverse,Rizwan Virk,Rodney Tompkins,$24.95,https://m.media-amazon.com/images/I/51A9JN06HtL._SL500_.jpg
Bitcoin and Cryptocurrency Trading & Investing - 4 Books in 1,Charles Swing,Jim Rising,$29.95,https://m.media-amazon.com/images/I/51CgRBG-FuS._SL500_.jpg
Python for Beginners: 2 Books in 1,Programming Languages Academy,Matthew Kinsey,$19.95,https://m.media-amazon.com/images/I/51tS4cieppL._SL500_.jpg
Advanced Programming with Sample Codings - 4 Books in 1,Zach Webber,William Bahl,$19.95,https://m.media-amazon.com/images/I/51zzkKv0LdL._SL500_.jpg
"Future of AI & Machine Learning: A Guide About Artificial Intelligence, Machine Learning and Its Future",Books Club,Angel Maita,$3.95,https://m.media-amazon.com/images/I/41AohfZaDuL._SL500_.jpg
Summary of Adam Alter’s Irresistible,IDB Books,Will Morrow,$3.95,https://m.media-amazon.com/images/I/41BmAkN83XL._SL500_.jpg
Clean Code,Robert C. Martin,Theodore O'Brien,$39.99,https://m.media-amazon.com/images/I/41EYLUDaF8L._SL500_.jpg
The Book on YouTube Marketing Videos: YouTube Marketing for Beginners,Kane Macarthy,Eric LaCord,$6.95,https://m.media-amazon.com/images/I/51MX3uSGNqL._SL500_.jpg
"Metaverse Investing Beginners Guide to Crypto Art, NFTs, and Digital Assets in the Metaverse",The Meta-Verse,Meta Mentor,$14.95,https://m.media-amazon.com/images/I/61JvGAK4p0L._SL500_.jpg
"Blogging: Increase Your Passive Income with 4 Steps, Profit from a Blog in 2019, 2020: Social Media Marketing, Instagram, Facebook FB Advertising, You Tube and More!",Matt Lynch,Dave Robbins,$19.95,https://m.media-amazon.com/images/I/514GcHoYb9L._SL500_.jpg
Java: 3 Books in 1,Andy Vickler,Helpful Matthew,$24.95,https://m.media-amazon.com/images/I/41VZDt43bsL._SL500_.jpg
Antisocial Media,Siva Vaidhyanathan,Jack Garrett,$27.99,https://m.media-amazon.com/images/I/51vYC4GkmQL._SL500_.jpg
Zucked,Roger McNamee,Roger McNamee,$31.50,https://m.media-amazon.com/images/I/41AQrGI4Z6L._SL500_.jpg
Machine Learning: 4 Books in 1,Samuel Hack,Sean Antony,$24.95,https://m.media-amazon.com/images/I/61n4-psEpAL._SL500_.jpg
Elemental Alpha,Liam Lawson,Rafe Beckley,$24.95,https://m.media-amazon.com/images/I/61UT13ZGR1L._SL500_.jpg
Manipulados [Disrupted/An Ugly Truth],Sheera Frenkel,Kerygma Flores,$16.06,https://m.media-amazon.com/images/I/51t8t-vF--L._SL500_.jpg
Coding for Absolute Beginners and Cybersecurity: 5 Books in 1,Alan Grid,Michael Andrews,$24.95,https://m.media-amazon.com/images/I/51Tet6beFWL._SL500_.jpg
The Complete Ethical Hacking Course Bundle!,Charles Berry,Matthew Bevan,$29.95,https://m.media-amazon.com/images/I/51CXr2uGtCS._SL500_.jpg
Social Media Marketing for Business 2022,Allan Miller,Jason Belvill,$24.95,https://m.media-amazon.com/images/I/51LSQQnhQFL._SL500_.jpg
Computer Networking,Russell Scott,Benjamin Williams,$24.95,https://m.media-amazon.com/images/I/51OGVQgCiJL._SL500_.jpg
How to Get Rid of Social Media Addiction,Anthea Peries,Sangita Chauhan,$6.95,https://m.media-amazon.com/images/I/51jjZbFcCsL._SL500_.jpg
The Ascent of Information,Caleb Scharf,Jonathan Todd Ross,$28.00,https://m.media-amazon.com/images/I/514FAwg8i1S._SL500_.jpg
Hackers & Painters,Paul Graham,Mark Sando,$39.99,https://m.media-amazon.com/images/I/61MSZsYP-NL._SL500_.jpg
Cybersecurity Bible,Hugo Hoffman,Matyas J.,$24.95,https://m.media-amazon.com/images/I/51vc-DsfpTL._SL500_.jpg
Designing Data-Intensive Applications,Martin Kleppmann,Benjamin Lange,$49.99,https://m.media-amazon.com/images/I/512ESwpmobL._SL500_.jpg
Top Secrets for Cheap Facebook Ads,Bruce Walker,Sean Miranda,$3.95,https://m.media-amazon.com/images/I/51YQ6uVt7CL._SL500_.jpg
Diary of a Wimpy Stampy Cat,Justin B. Harrison,Ryan DeRemer,$3.95,https://m.media-amazon.com/images/I/61icHGkWrXL._SL500_.jpg
Software Engineering at Google,Titus Winters,Mark Sando,$49.99,https://m.media-amazon.com/images/I/51qxBkkwLpL._SL500_.jpg
CompTIA Network+: 2 Books in 1,Mike Brown,Jack R James,$19.95,https://m.media-amazon.com/images/I/51HgzeU521L._SL500_.jpg
CISSP: 2 Books in 1,Robert Preston,Jim Rising,$19.95,https://m.media-amazon.com/images/I/51e+Rvn--IL._SL500_.jpg
Python - The Bible: 3 Manuscripts in 1 Book,Maurice J. Thompson,Ronald Hillman,$24.95,https://m.media-amazon.com/images/I/41dFiz7TLzL._SL500_.jpg
The Loop,Jacob Ward,Jacob Ward,$30.79,https://m.media-amazon.com/images/I/51dMbPUQMvL._SL500_.jpg
Cybersecurity for Beginners,Attila Kovacs,Matyas J.,$19.95,https://m.media-amazon.com/images/I/612AnvpYezL._SL500_.jpg
"Hacking: How to Hack, Penetration Testing Hacking Book, Step-by-Step Implementation and Demonstration Guide",Alex Wagner,Matthew Broadhead,$14.95,https://m.media-amazon.com/images/I/61Pp17IJVEL._SL500_.jpg
Python Book 2021 - Python Programming for Beginners!,Magnus D'Jango,Michael Stuhre,$3.95,https://m.media-amazon.com/images/I/51o-8DdrOrL._SL500_.jpg
Data Analytics: 5 Books in 1,Daniel Jones,William Bahl,$19.95,https://m.media-amazon.com/images/I/61PLkffTyyL._SL500_.jpg
Tech Panic,Robby Soave,Kirby Heyborne,$18.89,https://m.media-amazon.com/images/I/41sdNiBZi6L._SL500_.jpg
Hacking: 4 Books in 1,Erickson Karnel,Nikola Muckajev,$24.95,https://m.media-amazon.com/images/I/51UUJIc+KWL._SL500_.jpg
LikeWar,P. W. Singer,George Guidall,$27.99,https://m.media-amazon.com/images/I/51V0MIMBAfL._SL500_.jpg
Social Media Marketing for Beginners 2022,Chandler Miller,Curtis Wright,$14.95,https://m.media-amazon.com/images/I/51YmARp+5QL._SL500_.jpg
Data Analytics: 4 Books in 1 - Bible of 4 Manuscipts,Daniel Jones,William Bahl,$19.95,https://m.media-amazon.com/images/I/61NbiIw58XL._SL500_.jpg
Cyber Security: This Book Includes: Kali Linux for Hackers and Hacker Basic Security,Karnel Erikson,Jason Wright,$19.95,https://m.media-amazon.com/images/I/51bMJos1-EL._SL500_.jpg
El Libro Negro del Programador [The Programmer's Black Book],Rafael Gómez Blanes,Alfonso Sales,$19.95,https://m.media-amazon.com/images/I/41-SurIgwoL._SL500_.jpg
Machine Learning: 3 Books in 1,Scott Chesterton,Micah Howery,$24.95,https://m.media-amazon.com/images/I/51Cghf0+fNL._SL500_.jpg
"C++: The Complete 3 Books in 1 for Beginners, Intermediate and 21 Sample Codes and Advance Crash Course Guide in C++ Programming",Zach Webber,William Bahl,$14.95,https://m.media-amazon.com/images/I/51YdJ+jnP2L._SL500_.jpg
Python for Beginners: 2 Books in 1,Mark Matthes,Jerome Vega,$19.95,https://m.media-amazon.com/images/I/51m5vkAXCDS._SL500_.jpg
Aprende Inglés Fluido muy Rápido [Learn Fluent English Very Fast],Efrain Galeano Bonett,Emmanoel Gonzáles,$6.95,https://m.media-amazon.com/images/I/51PMz0jAYpL._SL500_.jpg
The Principles of Cybersecurity and Hacking: 5 Books in 1,Zach Webber,William Bahl,$19.95,https://m.media-amazon.com/images/I/61yhZo8f6yL._SL500_.jpg
Thinking in Algorithms,Albert Rutherford,Russell Newton,$6.95,https://m.media-amazon.com/images/I/413L814opAL._SL500_.jpg
The Scrum Master’s Path: 2 Books in 1,Liam Taylor,Jeff Bower,$19.95,https://m.media-amazon.com/images/I/51Bx5zn-J4S._SL500_.jpg
Computer Programming and Cyber Security for Beginners,Zach Codings,Donald Cuddington,$29.95,https://m.media-amazon.com/images/I/511KH-QzPeL._SL500_.jpg
"Machine Learning and Artificial Intelligence, Two-Book Bundle",Mark Howard,Robert Grothe,$14.95,https://m.media-amazon.com/images/I/51Hy2v41c3L._SL500_.jpg
What Is Artificial Intelligence? Three Books in One,Klay Robinson,Michael Stuhre,$24.95,https://m.media-amazon.com/images/I/51+3TQEHzQL._SL500_.jpg
"A Simple Introduction to Data Science, Book 2",Lars Nielsen,John Eastman,$6.95,https://m.media-amazon.com/images/I/51He0C8aJ4L._SL500_.jpg
Fundamentals of Software Architecture,Mark Richards,Benjamin Lange,$49.99,https://m.media-amazon.com/images/I/51d0yhmnXQL._SL500_.jpg
JavaScript: 3 Books in 1,Andy Vickler,Chuck Roe,$24.95,https://m.media-amazon.com/images/I/51eeNajD-5S._SL500_.jpg
Machine Learning: 2 Book in 1,Gabriel Baker,J.M. Debord,$19.95,https://m.media-amazon.com/images/I/51NMK8ocHbL._SL500_.jpg
"Computer Programming: This Book Includes: SQL, Linux, Java, Python, C#, Arduino, C# For Intermediates, Arduino For Intermediates Learn Any Computer Language In One Day Step by Step (#2022 Version)",Steve Tudor,Russell Newton,$29.95,https://m.media-amazon.com/images/I/51nNTBRwXlL._SL500_.jpg
Data Science for Beginners: 4 Books in 1: Master the Basics of Python Programming and Learn The Art of Data Science with Real-World Applications to Artificial Intelligence and Machine Learning,Andrew Park,Russell Newton,$24.95,https://m.media-amazon.com/images/I/51ERDIXi8UL._SL500_.jpg
My Robot Gets Me,Carla Diana,Justis Bolding,$20.99,https://m.media-amazon.com/images/I/41FYdaK3+NS._SL500_.jpg
SQL for Beginners and More: 2 Books in 1,Johnny Page,Austin R. Stoler,$19.95,https://m.media-amazon.com/images/I/51-+GVp6kKL._SL500_.jpg
The Accidental Billionaires,Ben Mezrich,Mike Chamberlain,$27.93,https://m.media-amazon.com/images/I/51kBkjaRRnL._SL500_.jpg
Computer Programming for Beginners: 3 Books in 1,Kevin Cooper,Tyler McGuire,$24.95,https://m.media-amazon.com/images/I/51tetBg2YIS._SL500_.jpg
Python: 3 Books in 1,Andy Vickler,Helpful Matthew,$24.95,https://m.media-amazon.com/images/I/51-L85XLQsL._SL500_.jpg
Java Back End Programming,Andy Vickler,Helpful Matthew,$19.95,https://m.media-amazon.com/images/I/41gvQSzI-UL._SL500_.jpg
Azure Bundle: Two Manuscripts in One Book,Joseph K. Brown,Dustin Thomas,$19.95,https://m.media-amazon.com/images/I/51c8Y9fVzjL._SL500_.jpg
C#: 2 Books in 1: Beginners and Intermediate Guide in C# Programming,Zach Webber,William Bahl,$6.95,https://m.media-amazon.com/images/I/51Wvp-tidzL._SL500_.jpg
Stay Awhile and Listen,David L. Craddock,Mike Rylander,$19.95,https://m.media-amazon.com/images/I/61dGpWxv9yL._SL500_.jpg
Machine Learning 2020,Bill Hanson,Kevin Tromp,$19.95,https://m.media-amazon.com/images/I/51M9y-Ag+-L._SL500_.jpg
The Idea Factory,Jon Gertner,Chris Sorensen,$29.95,https://m.media-amazon.com/images/I/51eJzmuMVUL._SL500_.jpg
Python Programming: 3 Books in 1,Ryan Turner,Russell Newton,$19.95,https://m.media-amazon.com/images/I/51f1qEjkQrL._SL500_.jpg
Non-Fungible Token (NFT) for Beginners,Mehdi Ben,Kevin Hurst,$6.95,https://m.media-amazon.com/images/I/41qzZzD9TZL._SL500_.jpg
Cyber Security - 3 Book Combo,Cybersecurity and Infrastructure Security Agency - FTC - US Department of Defense,Tom Brooks,$14.95,https://m.media-amazon.com/images/I/514G30Pk2tS._SL500_.jpg
Facebook Ads [Spanish Edition],Riley Reive,Alfonso Sales,$6.95,https://m.media-amazon.com/images/I/61+BLZIWSlL._SL500_.jpg
Paper,Mark Kurlansky,Andrew Garman,$29.95,https://m.media-amazon.com/images/I/61rlAWqF-lL._SL500_.jpg
How to Advertise on Facebook,Jim Norton,Samuel Prost,$14.95,https://m.media-amazon.com/images/I/51+dj2BZYnL._SL500_.jpg
A World Without Email,Cal Newport,Kevin R. Free,$31.50,https://m.media-amazon.com/images/I/41VQ+D8nUEL._SL500_.jpg
"Be a Vlogging Superstar! How to Start, Run & Grow a Successful Vlog",Rebecca O'Neal,Catherine O'Connor,$6.95,https://m.media-amazon.com/images/I/51LttDbI8WL._SL500_.jpg
Clean Agile,Robert C. Martin,Theodore O'Brien,$39.99,https://m.media-amazon.com/images/I/416ishNzDYL._SL500_.jpg
Wordpress for Beginners: 3 Books in 1,Daniel Jones,William Bahl,$14.95,https://m.media-amazon.com/images/I/51yg2gNaGXL._SL500_.jpg
Web Development,Andy Vickler,Chuck Roe,$29.95,https://m.media-amazon.com/images/I/51KmelofZaS._SL500_.jpg
Learn JavaScript Quickly,Code Quickly,Grant Tharp,$19.95,https://m.media-amazon.com/images/I/51pPLLoGTjL._SL500_.jpg
Discovery (Explore Behaviour Using Examples),Gaspar Nagy,Rebecca Roberts,$6.95,https://m.media-amazon.com/images/I/51boeiOobEL._SL500_.jpg
"Excel VBA: 3 Books in 1- A Comprehensive Beginners Guide+ Tips and Tricks+ Simple, Effective and Advanced Strategies to learn Excel VBA",Daniel Jones,William Bahl,$14.95,https://m.media-amazon.com/images/I/51x2-6j9dfL._SL500_.jpg
"WWHW, Why, What, How-to, What-If: Easily Create a Book, Podcast, or Online Course in Just a Few Easy-to-Follow Steps",Robert Plank,Robert Plank,$14.95,https://m.media-amazon.com/images/I/51yL3LcYR2L._SL500_.jpg
Python - 2 Books in 1,Denny Novikov,Geoff Scott,$24.95,https://m.media-amazon.com/images/I/41cvccDX+fL._SL500_.jpg
Cybersecurity: 3 Books in 1,John Knowles,Scott Clem,$24.95,https://m.media-amazon.com/images/I/515VzRzZLuL._SL500_.jpg
SEO White Book,R. L. Adams,Smokey Rivers,$6.95,https://m.media-amazon.com/images/I/51EBwZoilpL._SL500_.jpg
Make Money Blogging: 2 Books in 1,Maxwell J. Pods,Leigh Ann Haga,$24.95,https://m.media-amazon.com/images/I/51DlbQTIPUL._SL500_.jpg
Effective Cybersecurity for Beginners,John Knowles,Marty Ravenel,$24.95,https://m.media-amazon.com/images/I/51UN7je871L._SL500_.jpg
A Human Algorithm,Flynn Coleman,Flynn Coleman,$17.49,https://m.media-amazon.com/images/I/51+eF3YociL._SL500_.jpg
The Future of the Mind,Michio Kaku,Feodor Chin,$25.59,https://m.media-amazon.com/images/I/51nSxQl-qSL._SL500_.jpg
Programming for Beginners: 3 Books in 1 - HTML+CSS+JavaScript,MG Martin,William Bahl,$14.95,https://m.media-amazon.com/images/I/51KbX63JqFL._SL500_.jpg
Information Architecture,Louis Rosenfeld,Theodore O'Brien,$39.99,https://m.media-amazon.com/images/I/51Nt4VAv39L._SL500_.jpg
"The Simulation Hypothesis: An MIT Computer Scientist Shows Why AI, Quantum Physics, and Eastern Mystics All Agree We Are in a Video Game",Rizwan Virk,Kory Getman,$19.95,https://m.media-amazon.com/images/I/51S2AqygvBL._SL500_.jpg
Computer Programming Crash Course: 7 Books in 1,Julian James McKinnon,Ivan Busenius,$29.95,https://m.media-amazon.com/images/I/51ifNGIbxrL._SL500_.jpg
The Cyber Risk Handbook,Domenic Antonucci,Mark Schectman,$24.95,https://m.media-amazon.com/images/I/51JtZUk-3gL._SL500_.jpg
"Python: The Complete 3 Books in 1 for Beginners, Intermediate and 21 Sample Codes and Advance Crash Course Guide in Python Programming",Zach Webber,William Bahl,$14.95,https://m.media-amazon.com/images/I/51OZOUv5sRL._SL500_.jpg
Powershell: 5 Books in 1,Daniel Jones,William Bahl,$19.95,https://m.media-amazon.com/images/I/61hjH9NsMCL._SL500_.jpg
Managing Humans,Michael Lopp,TJ Johnson,$24.95,https://m.media-amazon.com/images/I/51SocI-mltL._SL500_.jpg
"Cybersecurity: 3 Books in 1: Beginners, Intermediate and Advance Guide in Cybersecurity Measures Effectively",Zach Webber,William Bahl,$14.95,https://m.media-amazon.com/images/I/519KUY58HGL._SL500_.jpg
Machine Learning: 3 Books in 1,Oliver Deep,Ron Garner,$24.95,https://m.media-amazon.com/images/I/51ILr1yvEIL._SL500_.jpg
"Mastering the Basics of Ethereum: The Only Guide You’ll Need to Understanding Ethereum, Blockchain, Smart Contracts, ICOs, and Decentralized Apps",Mehdi Ben,Kevin Hurst,$6.95,https://m.media-amazon.com/images/I/51xfPDzBwdL._SL500_.jpg
Deep Medicine,Eric Topol,Graham Winton,$27.99,https://m.media-amazon.com/images/I/412l8mlfvIL._SL500_.jpg
The Digital Divide,Mark Bauerlein,Xe Sands,$23.62,https://m.media-amazon.com/images/I/51AslKQ8xTL._SL500_.jpg
Rule of the Robots,Martin Ford,Ian Carlsen,$29.65,https://m.media-amazon.com/images/I/515YrAkEmIL._SL500_.jpg
Python Programming: 3 Books in 1,Clive Campbell,Austin R. Stoler,$24.95,https://m.media-amazon.com/images/I/61aZSs9J1mL._SL500_.jpg
Hacking: 3 Books in 1: A Beginners Guide for Hackers,Julian James McKinnon,Ivan Busenius,$24.95,https://m.media-amazon.com/images/I/51-jf6o99NL._SL500_.jpg
Thinking Better,Marcus du Sautoy,Mark Elstob,$30.79,https://m.media-amazon.com/images/I/41Cp49zyt+L._SL500_.jpg
40-Day Social Media Fast,Wendy Speake,Wendy Speake,$20.99,https://m.media-amazon.com/images/I/51iKpXBkjxL._SL500_.jpg
"Algorithms: The Complete Guide to the Computer Science & Artificial Intelligence Used to Solve Human Decisions, Advance Technology, Optimize Habits, Learn Faster & Your Improve Life (Two-Book Bundle)",Trust Genics,Jordan Gunner,$19.95,https://m.media-amazon.com/images/I/51IMaycc+YL._SL500_.jpg
"The Adventures of an IT Leader, Updated Edition",Robert D. Austin,Teri Schnaubelt,$27.99,https://m.media-amazon.com/images/I/51vJ0UsfpWL._SL500_.jpg
Life 3.0,Max Tegmark,Rob Shapiro,$26.17,https://m.media-amazon.com/images/I/51ELIbvwnRL._SL500_.jpg
Learning Agile,Andrew Stellman,TJ Johnson,$39.99,https://m.media-amazon.com/images/I/51cw0TB3iwS._SL500_.jpg
Data Science for Business,Foster Provost,Benjamin Lange,$49.99,https://m.media-amazon.com/images/I/518qCPUCDGL._SL500_.jpg
Org Design for Design Orgs,Peter Merholz,TJ Johnson,$39.99,https://m.media-amazon.com/images/I/51odpc7OOvL._SL500_.jpg
"Audio for Authors: Audiobooks, Podcasting, and Voice Technologies",Joanna Penn,Joanna Penn,$19.95,https://m.media-amazon.com/images/I/41oZxDlkmiL._SL500_.jpg
Coding Languages Halfway: 6 Books in 1,Zach Webber,William Bahl,$19.95,https://m.media-amazon.com/images/I/61ZK0jYvEVL._SL500_.jpg
How to Do Nothing,Jenny Odell,Rebecca Gibel,$17.49,https://m.media-amazon.com/images/I/61DV5ARPuxL._SL500_.jpg
Faster,Neal Bascomb,Edoardo Ballerini,$24.49,https://m.media-amazon.com/images/I/51PfmlF7O7L._SL500_.jpg
Genius Makers,Cade Metz,John Lee,$28.35,https://m.media-amazon.com/images/I/413CsgekwlL._SL500_.jpg
Artificial Intelligence,Chris Neil,Timothy Burke,$24.95,https://m.media-amazon.com/images/I/51odl8EFPuL._SL500_.jpg
The Ascent of Humanity,Charles Eisenstein,Steve Wojtas,$39.13,https://m.media-amazon.com/images/I/61VupPtW9TL._SL500_.jpg
The Cyber Security Handbook,Alan Calder,Stephen Perring,$19.95,https://m.media-amazon.com/images/I/41oCunHojXL._SL500_.jpg
500 Social Media Marketing Tips,Andrew Macarthy,Logan Foster,$24.95,https://m.media-amazon.com/images/I/51XtmgFmP+L._SL500_.jpg
"Arduino: The Complete 3 Books in 1 for Beginners, Intermediate and 19 Sample Designs and Codings and Advance Crash Guide in Arduino Programming",Zach Webber,William Bahl,$14.95,https://m.media-amazon.com/images/I/51a26HTyBwL._SL500_.jpg
Lean Mastery: 8 Books in 1,Greg Caldwell,KC Wayman,$24.95,https://m.media-amazon.com/images/I/513xpLkXBaL._SL500_.jpg
Coders at Work,Peter Seibel,Mitchell Dorian,$49.99,https://m.media-amazon.com/images/I/51Y7qsBCEqS._SL500_.jpg
Targeted,Brittany Kaiser,Brittany Kaiser,$34.22,https://m.media-amazon.com/images/I/517kVK3bv1L._SL500_.jpg
Computer Engineering: 2 Books in 1,John Snowden,KC Wayman,$19.95,https://m.media-amazon.com/images/I/518TuQ7YeHL._SL500_.jpg
The Sassy Way to Starting a Successful Blog When You Have No Clue!,Gundi Gabrielle,Gundi Gabrielle,$6.95,https://m.media-amazon.com/images/I/51PgbQoeGoS._SL500_.jpg
Cybersecurity,John Snowden,KC Wayman,$14.95,https://m.media-amazon.com/images/I/51jCoc9kK9L._SL500_.jpg
Programming for Beginners: 2 Books in 1: Absolute Beginner’s Guide to Mastering Coding Languages and Machine Learning,Ken Madron,Jack Lipsky,$24.95,https://m.media-amazon.com/images/I/51K00UNQrhL._SL500_.jpg
SQL: 3 Books in 1,Andy Vickler,Helpful Matthew,$24.95,https://m.media-amazon.com/images/I/51A0ecgfHtL._SL500_.jpg
The Security Consultant’s Handbook,Richard Bingley,Malk Williams,$24.95,https://m.media-amazon.com/images/I/51v5Qqs2cXL._SL500_.jpg
Programming for Beginners: 6 Books in 1 - Swift+PHP+Java+Javascript+Html+CSS: Basic Fundamental Guide for Beginners,MG Martin,William Bahl,$19.95,https://m.media-amazon.com/images/I/61B5ZlvOZOL._SL500_.jpg
TechGnosis,Erik Davis,Steve Wojtas,$41.93,https://m.media-amazon.com/images/I/51ml0wo4n3L._SL500_.jpg
We Have Root,Bruce Schneier,Graham Rowat,$27.99,https://m.media-amazon.com/images/I/51+i15sOTxL._SL500_.jpg
Big Ratchet,Ruth Defries,Pam Ward,$17.49,https://m.media-amazon.com/images/I/51N3fiqeoPL._SL500_.jpg
Inteligencia Artificial - 2 Libros [Artificial Intelligence - 2-Book Bundle],John Adamssen,Matías Gallego,$6.95,https://m.media-amazon.com/images/I/51ZEMxp9tSL._SL500_.jpg
Value Branding with Social Media Marketing,Casey Greenwood,Daryl Stanwyck,$14.95,https://m.media-amazon.com/images/I/61SjR05cgOL._SL500_.jpg
Agile Project Management,Sam Ryan,Jason Belvill,$19.95,https://m.media-amazon.com/images/I/51drRg4CDWL._SL500_.jpg
Laws of UX,Jon Yablonski,Jason Leikam,$29.99,https://m.media-amazon.com/images/I/51qki3l4c-L._SL500_.jpg
Social Media Marketing Mastery,Chandler Wright,Sam Slydell,$24.95,https://m.media-amazon.com/images/I/51y3tHk+k+L._SL500_.jpg
Data and Goliath,Bruce Schneier,Dan John Miller,$24.49,https://m.media-amazon.com/images/I/61PhiuQpSJL._SL500_.jpg
The Essential Social Media Marketing Bundle (2 Books in 1): Social Media Marketing for the Future: Strategies for 2020 & Beyond + Command the Crowd: The Art of Crafting a Powerful Online Presence,J. E. Ford,Eric Christensen,$19.95,https://m.media-amazon.com/images/I/51ydQs0c52L._SL500_.jpg
Brilliant,Jane Brox,Randye Kaye,$24.95,https://m.media-amazon.com/images/I/51+6Tj-r+oL._SL500_.jpg
Hacking,Alex Wagner,Jack Bellows,$24.95,https://m.media-amazon.com/images/I/51n2labv9IL._SL500_.jpg
Programming for Beginners: 10 Books in 1- 5 Books of Data Analytics and 5 Books of Linux Programming,Daniel Jones,William Bahl,$24.95,https://m.media-amazon.com/images/I/61fkJS+Di3L._SL500_.jpg
User Experience,Steven Branson,Chad Shoppa,$19.95,https://m.media-amazon.com/images/I/514fVagCqFL._SL500_.jpg
Lean UX: Designing Great Products with Agile Teams (Second Edition),Jeff Gothelf,Douglas Martin,$39.99,https://m.media-amazon.com/images/I/41LwJXw6c0L._SL500_.jpg
Life as We Made It,Beth Shapiro,Beth Shapiro,$24.49,https://m.media-amazon.com/images/I/51-4vvgn1lL._SL500_.jpg
Artificial Intelligence Unleashed,Ryan Baumgartner,Howard Ernest Price,$14.95,https://m.media-amazon.com/images/I/51coUDCvi7S._SL500_.jpg
Cryptography,Keith Martin,Matthew Waterson,$17.49,https://m.media-amazon.com/images/I/51bcKbyzZkL._SL500_.jpg
UX,Steven Branson,Chad Shoppa,$24.95,https://m.media-amazon.com/images/I/51E-CL1XVkL._SL500_.jpg
The Innovator's Cookbook,Steven Johnson,Kirby Heyborne,$24.49,https://m.media-amazon.com/images/I/51+WwkE21HL._SL500_.jpg
Digital Minimalism,Cal Newport,Will Damron,$26.17,https://m.media-amazon.com/images/I/31aP1sN5bXL._SL500_.jpg
"Immortality, Inc.",Chip Walter,Graham Winton,$20.99,https://m.media-amazon.com/images/I/41JMYPsZiDL._SL500_.jpg
Social Media Marketing for Beginners 2021,Michael Branding,Jim Rising,$19.95,https://m.media-amazon.com/images/I/61uDKsuAl8L._SL500_.jpg
Python Programming,Computer Science Academy,D. Wolf,$19.95,https://m.media-amazon.com/images/I/51-IfI9DJ4L._SL500_.jpg
JavaScript: 2 Books in 1: Beginner's Guide + Tips and Tricks to Programming Code with JavaScript,Charlie Masterson,Keith McCarthy,$14.95,https://m.media-amazon.com/images/I/51pUEr8TOBL._SL500_.jpg
Meal Prep Cookbook for Weight Loss,Lilia Taylor,Anya Byrd,$14.95,https://m.media-amazon.com/images/I/51JgMvsZ7bL._SL500_.jpg
The Threat Intelligence Handbook,Recorded Future,Chris Pace,$6.95,https://m.media-amazon.com/images/I/51sL4H-MFfL._SL500_.jpg
C#: Learn C# FAST! The Ultimate Course Book (Beginners to Advanced),Gary Mitnick,Sean Tivenan,$14.95,https://m.media-amazon.com/images/I/51sDAucaz8L._SL500_.jpg
Monolith to Microservices,Sam Newman,Mitchell Dorian,$39.99,https://m.media-amazon.com/images/I/51GO4tM0M-L._SL500_.jpg
Blogging: Your First Blog,Chris Demmer,Phillip J Mather,$6.95,https://m.media-amazon.com/images/I/51Zk5EG271L._SL500_.jpg
Diary of a Wimpy Miner: Best Friends,Justin B. Harrison,Brian Hunter,$3.95,https://m.media-amazon.com/images/I/61TLS1H2ETL._SL500_.jpg
The Art of Social Selling,Shannon Belew,Judy Hoctor,$19.59,https://m.media-amazon.com/images/I/41f0JDAhr+L._SL500_.jpg
CISSP Exam Study Guide for Cybersecurity Professionals,Hugo Hoffman,Khai Lannor,$19.95,https://m.media-amazon.com/images/I/51l3juAs6rL._SL500_.jpg
The Joy of Search,Daniel M. Russell,Charles Constant,$20.99,https://m.media-amazon.com/images/I/51fkM6mJToL._SL500_.jpg
DevOps Handbook: A Guide to Implementing DevOps in the Workplace,Henry Martin Jones,David Van Der Molen,$6.95,https://m.media-amazon.com/images/I/51p4oWw8+sL._SL500_.jpg
Learn Python Quickly,Code Quickly,Grant Tharp,$19.95,https://m.media-amazon.com/images/I/51FS+Hb9pdL._SL500_.jpg
Team Human,Douglas Rushkoff,Douglas Rushkoff,$20.99,https://m.media-amazon.com/images/I/41nSex4dhEL._SL500_.jpg
Red Moon Rising,Matthew Brzezinski,Charles Stransky,$24.95,https://m.media-amazon.com/images/I/510UbwJ6lWL._SL500_.jpg
"Powershell: The Complete 3 Books in 1 for Beginners, Intermediate and 21 Sample Codings and Advance Crash Course Guide in Powershell Programming",Zach Webber,William Bahl,$14.95,https://m.media-amazon.com/images/I/51gSFySlkUL._SL500_.jpg
Docker: 5 Books in 1,Daniel Jones,William Bahl,$19.95,https://m.media-amazon.com/images/I/61bM62FLsLL._SL500_.jpg
How to Blog,Joseph Robinson,Warren Keys,$24.95,https://m.media-amazon.com/images/I/51oljN6s6tL._SL500_.jpg
Eso no estaba en mi libro de Historia de los Videojuegos [That Was Not in My Video Games History Book],Daniel García Raso,Diego Rousselon,$20.33,https://m.media-amazon.com/images/I/51qJ38ag8ML._SL500_.jpg
Java Front End Programming,Andy Vickler,Helpful Matthew,$19.95,https://m.media-amazon.com/images/I/41n2QGDdUOL._SL500_.jpg
Computer Programming,John Snowden,KC Wayman,$19.95,https://m.media-amazon.com/images/I/51grFV1jjgL._SL500_.jpg
The Printing Revolution in Early Modern Europe,Elizabeth L. Eisenstein,Jonathan Cox,$39.99,https://m.media-amazon.com/images/I/61+cIayHQUS._SL500_.jpg
Coding in Python,Robert C. Matthews,Ben Herold,$24.95,https://m.media-amazon.com/images/I/513pOGd8XbL._SL500_.jpg
"The Security Intelligence Handbook, Third Edition",Recorded Future,George Mount,$14.95,https://m.media-amazon.com/images/I/61Az2NnTPSL._SL500_.jpg
Java Programming: 2 Books in 1,Scott Bernard,Sean Posvistak,$19.95,https://m.media-amazon.com/images/I/51ejyuzBS3L._SL500_.jpg
The Clean Coder,Robert C. Martin,Theodore O'Brien,$39.99,https://m.media-amazon.com/images/I/51VzkJGKrjL._SL500_.jpg
Facebook Ads,Simon Shepard,Art Stone,$14.95,https://m.media-amazon.com/images/I/513FJVMOjoL._SL500_.jpg
Marketing de redes sociales [Social Media Marketing],Matt Golden,Alex Garduño,$14.95,https://m.media-amazon.com/images/I/51RPcN3OMtS._SL500_.jpg
Metaverse Investment Guide,The Meta-Verse,Meta Mentor,$14.95,https://m.media-amazon.com/images/I/412QP-8Lo6L._SL500_.jpg
"Java, SQL & Javascript: The Ultimate Guide to Learn Programming for Beginners",Andy Richmond,Gene Backlin,$24.95,https://m.media-amazon.com/images/I/51+7rvjD21L._SL500_.jpg
"Shuttle, Houston",Paul Dye,John Pruden,$28.50,https://m.media-amazon.com/images/I/51H-DOaW+fL._SL500_.jpg
Scrum Master Certification,Paul VII,Randal Schaffer,$6.95,https://m.media-amazon.com/images/I/51Hg1xShevL._SL500_.jpg
Big Mind,Geoff Mulgan,Julian Elfer,$24.49,https://m.media-amazon.com/images/I/61M1qaHqF+L._SL500_.jpg
The Electrifying Fall of Rainbow City,Margaret Creighton,Callie Beaulieu,$24.95,https://m.media-amazon.com/images/I/51IutvLR6fL._SL500_.jpg
"Social Media Marketing for the Future: Strategies for 2020 & Beyond: Stay Ahead of the Competition. Leverage Changing Online Trends to Grow Your Business (For Facebook, Twitter, Instagram +More)",J.E. Ford,Eric Christensen,$14.95,https://m.media-amazon.com/images/I/51qdz4GF2vL._SL500_.jpg
Programming for Beginners: 6 Books in 1,Daniel Jones,Pete Beretta,$19.95,https://m.media-amazon.com/images/I/61edXwF+mYL._SL500_.jpg
Drone Wars,Seth J. Frantzman,Jonathan Todd Ross,$20.99,https://m.media-amazon.com/images/I/51qYEC6TxdS._SL500_.jpg
Becoming Facebook,Mike Hoefflinger,Nicholas Techosky,$19.95,https://m.media-amazon.com/images/I/51lrUlud50L._SL500_.jpg
Arduino para principiantes [Arduino for Beginners],Ethan Thorpe,Iraima Arrechedera,$14.95,https://m.media-amazon.com/images/I/514KF5TvUGL._SL500_.jpg
Facebook for Business Owners,Tom Corson-Knowles,Greg Zarcone,$6.95,https://m.media-amazon.com/images/I/51h8GPvXVNL._SL500_.jpg
Cypherpunks to 20k/Btc,Boris Weiser,Scott Clem,$19.95,https://m.media-amazon.com/images/I/51B4tm5lhAL._SL500_.jpg
SQL: 2 Books in 1: Advanced and Elite Level SQL from the Ground Up,Keith Dvorjak,Corrie Legge,$14.95,https://m.media-amazon.com/images/I/41o9pENiOiL._SL500_.jpg
Summary & Analysis of Digital Minimalism: Choosing a Focused Life in a Noisy World | A Guide to the Book by Cal Newport,ZIP Reads,Melissa Sheldon,$3.95,https://m.media-amazon.com/images/I/51EGuvFVk1L._SL500_.jpg
Keep Calm and Log On,"Gillian ""Gus"" Andrews",Tavia Gilbert,$20.99,https://m.media-amazon.com/images/I/41ejk-v6HgL._SL500_.jpg
Black Software,Charlton D. McIlwain,Leon Nixon,$28.51,https://m.media-amazon.com/images/I/517v4LsrWyL._SL500_.jpg
Reinventing Capitalism in the Age of Big Data,Viktor Mayer-Schönberger,John Chancer,$28.50,https://m.media-amazon.com/images/I/51rW4CXlQBL._SL500_.jpg
"Hacking: How to Hack, Penetration Testing Hacking Book, Step-by-Step Implementation and Demonstration Guide",Alex Wagner,Matthew Broadhead,$14.95,https://m.media-amazon.com/images/I/61OVpS+zcZL._SL500_.jpg
"Summary and Analysis of AI Superpowers: China, Silicon Valley, and the New World Order",Zip Reads,Michael London Anglado,$3.95,https://m.media-amazon.com/images/I/51Zht1UFHyL._SL500_.jpg
Programming for Beginners: 2 Book in 1,Matthew Python,Charles Young,$19.95,https://m.media-amazon.com/images/I/51E2-Bs9SoL._SL500_.jpg
Culture Warlords,Talia Lavin,Talia Lavin,$28.50,https://m.media-amazon.com/images/I/51cG3RJE3PL._SL500_.jpg
"Digital Minimalism in Everyday Life: Overcome Technology Addiction, Declutter Your Mind, and Reclaim Your Freedom",James W. Williams,Ryan Lee Dunlap,$14.95,https://m.media-amazon.com/images/I/51qAqk13Y1L._SL500_.jpg
The Basics of Agile and Lean,Aditi Agarwal,Douglas Birk,$6.95,https://m.media-amazon.com/images/I/51BrP-O0aGL._SL500_.jpg
Blogging,Mark Robbins,Paul D. Henry,$14.95,https://m.media-amazon.com/images/I/51+x3ho93nL._SL500_.jpg
Machine Learning: 2 Manuscripts in 1 Book: Machine Learning for Beginners and Machine Learning with Python,Hein Smith,William Bahl,$14.95,https://m.media-amazon.com/images/I/51qwgWdAvCL._SL500_.jpg
SQL: 2 Books in 1,Zach Webber,William Bahl,$6.95,https://m.media-amazon.com/images/I/51tmAXQdc2L._SL500_.jpg
Computer Programming,Andrew Sutherland,Joe Wosik,$24.95,https://m.media-amazon.com/images/I/51tXSQFjyhL._SL500_.jpg
Computer Programming,Damon Parker,Sean Antony,$24.95,https://m.media-amazon.com/images/I/51ljH6GmQCL._SL500_.jpg
JavaScript: Advanced JavaScript Coding from the Ground Up,Keith Dvorjak,Sean Posvistak,$14.95,https://m.media-amazon.com/images/I/51DYCv-mxeL._SL500_.jpg
The Little Elixir & OTP Guidebook,Benjamin Tan Wei Hao,Mark Thomas,$19.95,https://m.media-amazon.com/images/I/5127tE3H+BL._SL500_.jpg
Beating Artificial Intelligence,Ryan Baumgartner,Howard Ernest Price,$14.95,https://m.media-amazon.com/images/I/51vPNoT4bFS._SL500_.jpg
Wireless Hacking Bible,Hugo Hoffman,Scott Clem,$24.95,https://m.media-amazon.com/images/I/51CQQ-E9uuL._SL500_.jpg
Machine Learning & Python for Machine Learning: 2 Books in 1,Jeff Phoenix,Sarah Margrave,$19.95,https://m.media-amazon.com/images/I/514YIpXmugL._SL500_.jpg
Make Money Blogging: 2 Book Bundle,Elijah Zukerman,Jason R. Gray,$6.95,https://m.media-amazon.com/images/I/51rK-2Vy8PL._SL500_.jpg
The Pattern on the Stone,W. Daniel Hillis,Lewis Arlt,$17.49,https://m.media-amazon.com/images/I/51z4FG4WcML._SL500_.jpg
"Python, Hacking & Advanced Hacking: 3 Books in 1: The Blueprint",CyberPunk Architects,Scott Clem,$14.95,https://m.media-amazon.com/images/I/617aTDCKIAL._SL500_.jpg
"Social Media Marketing for Business and Influencer (Facebook, Instagram, Youtube, Twitter), Network Marketing, Amazon FBA, Dropshipping, Private Label Shopify E-Commerce",Kevin Clair,Craig Colin Wilson,$14.95,https://m.media-amazon.com/images/I/51FcMniSe6L._SL500_.jpg
Manual de DevOps [DevOps Handbook],Henry Martin Jones,Josefina Duarte,$6.95,https://m.media-amazon.com/images/I/519Jm7-2-KL._SL500_.jpg
Docker,Jordan Lioy,Peter Prova,$19.95,https://m.media-amazon.com/images/I/41S5tmtXtpL._SL500_.jpg
Subscribed,Tien Tzuo,Tien Tzuo,$21.81,https://m.media-amazon.com/images/I/41adRltlpTL._SL500_.jpg
Kubernetes,Jordan Lioy,Raul A. Rogers,$19.95,https://m.media-amazon.com/images/I/51DpvpB5TUL._SL500_.jpg
Breaking the Social Media Prism,Christopher A. Bail,Tim Fannon,$20.99,https://m.media-amazon.com/images/I/41PDGcgymdL._SL500_.jpg
Social Media Marketing,Gavin Turner,Corey Warner,$19.95,https://m.media-amazon.com/images/I/51FQkycB4UL._SL500_.jpg
Data Science for Beginners,Leonard Deep,Chet Dashman,$19.95,https://m.media-amazon.com/images/I/51m1LdOZIrL._SL500_.jpg
Microservices Architecture Handbook: Non-Programmer's Guide for Building Microservices,Stephen Fleming,Ryan Withrow,$6.95,https://m.media-amazon.com/images/I/51FzFiw2W2L._SL500_.jpg
Shadow Work,Craig Lambert,James Jenner,$24.49,https://m.media-amazon.com/images/I/41h-QtvmXXL._SL500_.jpg
JavaScript,Keith Dvorjak,Sean Posvistak,$14.95,https://m.media-amazon.com/images/I/51pwT6wSPoL._SL500_.jpg
Computer Networking for Beginners,Kevin Morgan,Jamie H. Jung,$14.95,https://m.media-amazon.com/images/I/61wCal9pAOL._SL500_.jpg
Sputnik,Paul Dickson,Jerry Carrier,$24.95,https://m.media-amazon.com/images/I/51Zxg896F1L._SL500_.jpg
Hacked,Alan T. Norman,Jack Ares,$14.95,https://m.media-amazon.com/images/I/51ASdQ9kWjL._SL500_.jpg
Learn Python Programming,Russel R. Russo,Zachary Zaba,$14.95,https://m.media-amazon.com/images/I/51sgiBt74PL._SL500_.jpg
How to Make Your Own Video Game: Quick Start Guide,HTeBooks,Mark Keen,$3.95,https://m.media-amazon.com/images/I/514swMf8W8L._SL500_.jpg
Social Media Marketing for Business 2020,Larrie Miller,Chiquito Joaquim Crasto,$14.95,https://m.media-amazon.com/images/I/51JFbRNWDhL._SL500_.jpg
How to Drive Success,SentinelOne Publication,Anthony Pica,$3.95,https://m.media-amazon.com/images/I/51D2CuM3ujL._SL500_.jpg
Artificial Intelligence for Business,John Medicine,Russell Archey,$19.95,https://m.media-amazon.com/images/I/51Tmf-arbPL._SL500_.jpg
The Manipulators,Peter Hasson,Andrew Eiden,$25.19,https://m.media-amazon.com/images/I/51xx78L-SrL._SL500_.jpg
Podcast You Nerd!,Mat Bradley-Tschirgi,Mat Bradley-Tschirgi,$3.95,https://m.media-amazon.com/images/I/41Uhr3A1R3S._SL500_.jpg
The Basics of Scrum: A Simple Handbook to the Most Popular Agile Scrum Framework,Aditi Agarwal,Douglas Birk,$6.95,https://m.media-amazon.com/images/I/514oDe6ZVhL._SL500_.jpg
Cryptocurrency Beginner’s Guide: Get the Facts and Details You Need to Get Started,Damien Suchet,J. Michaels,$6.95,https://m.media-amazon.com/images/I/51XQN-170UL._SL500_.jpg
The Know-It-Alls,Noam Cohen,Adam Grupper,$20.99,https://m.media-amazon.com/images/I/51r8CCtZM1L._SL500_.jpg
What's the Use?,Ian Stewart,Quentin Cooper,$29.65,https://m.media-amazon.com/images/I/5139hCea3hL._SL500_.jpg
Mastering Blockchain,Keizer Soze,Matthew Broadhead,$6.95,https://m.media-amazon.com/images/I/61rKQtNz2KL._SL500_.jpg
Facebook Marketing Mastery 2020,Christopher King,Ted Ryan,$14.95,https://m.media-amazon.com/images/I/516lwGY4LEL._SL500_.jpg
Lean Project Management,Eric Thompson,Jason Belvill,$24.95,https://m.media-amazon.com/images/I/51RJgVuaV0L._SL500_.jpg
"How to Grow Your Business Using Social Media Create an Awesome Online Presence on Facebook, Instagram, Youtube, Linkedin, Snapchat, and Many More By",Ernie Braveboy,Millian Quinteros,$6.95,https://m.media-amazon.com/images/I/51MOszm4jKL._SL500_.jpg
Let It Go,Dame Stephanie Shirley CH,Rachel Atkins,$24.00,https://m.media-amazon.com/images/I/41Suqzi+2+L._SL500_.jpg
Get Big Things Done,Erica Dhawan,Christina Moore,$20.99,https://m.media-amazon.com/images/I/51ZvIsEtyBL._SL500_.jpg
Snapchat,Neo Monefa,Stephanie Quinn,$3.95,https://m.media-amazon.com/images/I/51536WJIuNL._SL500_.jpg
"Python Handbook Vol 4, 5 Manuscripts in 1",Gary Gold,Mario Caiti,$24.95,https://m.media-amazon.com/images/I/51o+6OHlIZL._SL500_.jpg
Coding Democracy,Maureen Webb,Wendy Tremont King,$20.99,https://m.media-amazon.com/images/I/51338R2VD7L._SL500_.jpg
The Fourth Industrial Revolution,Klaus Schwab,Mr Nicholas Guy Smith,$19.18,https://m.media-amazon.com/images/I/51rufZc2AfL._SL500_.jpg
Social Media Marketing 2021,Michael Branding,Jim Rising,$19.95,https://m.media-amazon.com/images/I/51+Zz-n+L5L._SL500_.jpg
Diseño guiado por el dominio [Domain-Driven Design],Jim Lewis,Carolina Soto,$14.95,https://m.media-amazon.com/images/I/516cx7QL0-S._SL500_.jpg
Programming for Beginners,Anthony Hack,Jordan Gunner,$24.95,https://m.media-amazon.com/images/I/61ihr+htm8L._SL500_.jpg
Cybersecurity Bundle: 4 Books in One,Tom Brooks,Tom Brooks,$14.95,https://m.media-amazon.com/images/I/51c5XKhENJS._SL500_.jpg
Python Data Science,Steve Blair,Clay Willison,$14.95,https://m.media-amazon.com/images/I/51Sap+4StDL._SL500_.jpg
JavaScript: Intermediate JavaScript Coding from the Ground Up,Keith Dvorjak,Sean Posvistak,$14.95,https://m.media-amazon.com/images/I/51Ambwv7J7L._SL500_.jpg
Scrum Fundamentals: A Beginner’s Guide to Mastery of the Scrum Project Management Methodology,Jeff Cohn,Curtis Wright,$14.95,https://m.media-amazon.com/images/I/51OR1xtLXvL._SL500_.jpg
Hacking!,Grzegorz Nowak,Jordan Blom,$24.95,https://m.media-amazon.com/images/I/51-yWj-iUsL._SL500_.jpg
Breaking and Entering,Jeremy N. Smith,Jonathan Todd Ross,$27.99,https://m.media-amazon.com/images/I/512mInjzS8L._SL500_.jpg
Python Machine Learning for Beginners,Finn Sanders,Austin R. Stoler,$14.95,https://m.media-amazon.com/images/I/516OagiXrmL._SL500_.jpg
Perfect Bet,Adam Kucharski,Jonathan Yen,$20.99,https://m.media-amazon.com/images/I/61Fe88sUULL._SL500_.jpg
Social Media Marketing for Business 2020,Mastery Marketing,Cesar Brasil,$14.95,https://m.media-amazon.com/images/I/51bCQK+PDtL._SL500_.jpg
Personal Branding Secrets,Alex Narrow,Jack Powell,$14.95,https://m.media-amazon.com/images/I/514ZE6nGySL._SL500_.jpg
Head in the Cloud,William Poundstone,Chris Sorensen,$24.49,https://m.media-amazon.com/images/I/61RVoszr5AL._SL500_.jpg
Who Can You Trust?,Rachel Botsman,Caroline Baum,$23.44,https://m.media-amazon.com/images/I/51GqwbySkHL._SL500_.jpg
Soonish,Dr. Kelly Weinersmith,Dr. Kelly Weinersmith,$21.31,https://m.media-amazon.com/images/I/51XizbJFnoL._SL500_.jpg
Ransomware - 2 Books in One: What It Is and What to Do About It,National Investigative Joint Task Force and Tom Brooks,Tom Brooks,$6.95,https://m.media-amazon.com/images/I/51HCWAYaQaL._SL500_.jpg
Computer Hacking,ICT School,D. Wolf,$19.95,https://m.media-amazon.com/images/I/51E8Z6PhWNL._SL500_.jpg
Site Reliability Engineering (SRE) Handbook,Stephen Fleming,Austin R Stoler,$6.95,https://m.media-amazon.com/images/I/51lBKdsGITL._SL500_.jpg
We Know It When We See It,Richard Masland,Matt Kugler,$29.65,https://m.media-amazon.com/images/I/41rP9fGTNyL._SL500_.jpg
Python Coding: 2 Books in 1,Stephen Ward,Russell Newton,$19.95,https://m.media-amazon.com/images/I/51C6xvlhfNL._SL500_.jpg
Facebook Ads,Randall Kadner,Matt Buzonas,$6.95,https://m.media-amazon.com/images/I/519A12JjzbL._SL500_.jpg
Silicon States,Lucie Greene,Esther Wane,$20.99,https://m.media-amazon.com/images/I/51irafoUgoL._SL500_.jpg
Computer Programming: Python - 3 Books in 1,Russel R. Russo,Zachary Zaba,$24.95,https://m.media-amazon.com/images/I/51u6of2qg2S._SL500_.jpg
The DevOps Handbook,Tech World,Jack Nolan,$6.95,https://m.media-amazon.com/images/I/61jhiUhLaOL._SL500_.jpg
The Complete Guide to Facebook Advertising,Brian Meert,Brian Meert,$14.95,https://m.media-amazon.com/images/I/51D3pl9WVtL._SL500_.jpg
Summary & Analysis of 21 Lessons for the 21st Century,ZIP Reads,Michael London Anglado,$6.95,https://m.media-amazon.com/images/I/51zW0mDI60L._SL500_.jpg
The Social Media Management Handbook,Robert Wollan,Sean Crisden,$24.95,https://m.media-amazon.com/images/I/51yb7kWqt2L._SL500_.jpg
Ten Things Your Student with Autism Wishes You Knew,Ellen Notbohm,Stephanie Cozart,$13.99,https://m.media-amazon.com/images/I/51JUWQwnrbL._SL500_.jpg
DevOps Handbook: Introduction to DevOps and Its Impact on Business Ecosystem,Stephen Fleming,Jim Raposa,$6.95,https://m.media-amazon.com/images/I/51+CZKk5HgL._SL500_.jpg
Python Programming,Computer Programming Academy,Jeff Bower,$19.95,https://m.media-amazon.com/images/I/51em3y0WWhL._SL500_.jpg
Social Media Marketing Mastery 2020,Jhonny Black,Orlena Cain,$14.95,https://m.media-amazon.com/images/I/51SN7Ey5fuL._SL500_.jpg
Java Programming for Beginners,Martin Laredo,Trevor Clinger,$6.95,https://m.media-amazon.com/images/I/516W6EN8nVL._SL500_.jpg
Average is Over,Tyler Cowen,Andrew Garman,$24.49,https://m.media-amazon.com/images/I/51aJwibP+vL._SL500_.jpg
"The Savage Truth on Money, 3rd Edition",Terry Savage,Terry Savage,$31.49,https://m.media-amazon.com/images/I/51djI3pkgcL._SL500_.jpg
VR Third Wave,Mike R. Heim,Harry Roger Williams III,$3.95,https://m.media-amazon.com/images/I/5154Qd+c4pL._SL500_.jpg
Intermediate Python,Matt Harrison,John Edmondson,$19.95,https://m.media-amazon.com/images/I/51PrYCWZ0IL._SL500_.jpg
Rule of the Robots,Martin Ford,Ian Carlsen,$21.81,https://m.media-amazon.com/images/I/51GxtcSShxL._SL500_.jpg
DevOps and Site Reliability Engineering (SRE) Handbook,Stephen Fleming,Austin R Stoler,$14.95,https://m.media-amazon.com/images/I/517Ffeu+x5L._SL500_.jpg
The Age of Living Machines,Susan Hockfield,Andrea Gallo,$20.99,https://m.media-amazon.com/images/I/51NOjGY0FvL._SL500_.jpg
Rise of the Machines,Thomas Rid,Robertson Dean,$27.99,https://m.media-amazon.com/images/I/418QtWEZibL._SL500_.jpg
The Essential Social Media Marketing Handbook,Gail Z. Martin,Karen Saltus,$19.59,https://m.media-amazon.com/images/I/51vZ3XO2QIL._SL500_.jpg
Social Media Marketing Mastery 2020: 2 books in 1,Jhonny Black,Jae Huff,$19.95,https://m.media-amazon.com/images/I/51hkJp9HfPL._SL500_.jpg
SEO for Business,R.L. Adams,Ken Eaken,$14.95,https://m.media-amazon.com/images/I/51PpbRPeo1L._SL500_.jpg
"Hacking: How to Hack, Penetration Testing Hacking Book, Step-by-Step Implementation and Demonstration Guide",Alex Wagner,Matthew Broadhead,$6.95,https://m.media-amazon.com/images/I/615FYmsw1SL._SL500_.jpg
The Fourth Part of the World,Toby Lester,Peter Jay Fernandez,$29.95,https://m.media-amazon.com/images/I/61XYYjE8hXL._SL500_.jpg
Eye of the Beholder,Laura Snyder,Tamara Marston,$27.99,https://m.media-amazon.com/images/I/61qVQc2FiJL._SL500_.jpg
UX Research,Brad Nunnally,Charlie Krone,$34.99,https://m.media-amazon.com/images/I/41si4ddylML._SL500_.jpg
The Social Life of Information,John Seely Brown,Jonathan Todd Ross,$24.49,https://m.media-amazon.com/images/I/51LmxB5KYzL._SL500_.jpg
Thank You for Being Late,Thomas L. Friedman,Mr Oliver Wyman,$25.58,https://m.media-amazon.com/images/I/51zN1jEnMCL._SL500_.jpg
CCNA: Estrategias Simples y Efectivas para Dominar la Certificación CCNA [CCNA: Simple and Effective Strategies for Mastering CCNA Certification],Walker Schmidt,John E. Martinez,$14.95,https://m.media-amazon.com/images/I/51kGzOTncAS._SL500_.jpg
DevOps Handbook,Tech World,Jack Nolan,$3.95,https://m.media-amazon.com/images/I/61rGq7WtVoL._SL500_.jpg
Facebook Fairytales,Emily Liebert,Nicole Vilencia,$19.95,https://m.media-amazon.com/images/I/51W5fHFWzyL._SL500_.jpg
Crisis of Control: How Artificial SuperIntelligences May Destroy or Save the Human Race,Peter J. Scott,Peter J. Scott,$19.95,https://m.media-amazon.com/images/I/61MVLnfF6OL._SL500_.jpg
Cryptocurrency Investing for Beginners: Tips and Information to Get You Started on the Right Foot,Damien Suchet,J. Michaels,$6.95,https://m.media-amazon.com/images/I/61Jb9qTOQhL._SL500_.jpg
Cryptocurrency Trading Strategies: Navigate Your Way Through the Exciting World of Cryptocurrency Trading,Damien Suchet,J. Michaels,$6.95,https://m.media-amazon.com/images/I/51QxPWwy7SL._SL500_.jpg
Big Tech Tyrants,Floyd Brown,Shawn Compton,$17.49,https://m.media-amazon.com/images/I/51OlraHatlL._SL500_.jpg
Clear Bright Future,Paul Mason,Finlay Robertson,$26.17,https://m.media-amazon.com/images/I/41z8yJU+89L._SL500_.jpg
Like a Thief in Broad Daylight,Slavoj Žižek,Jamie East,$21.81,https://m.media-amazon.com/images/I/41r3xkuKToL._SL500_.jpg
The Model Thinker,Scott E. Page,Jamie Renell,$29.65,https://m.media-amazon.com/images/I/51+4kHqdEuL._SL500_.jpg
Leading in the Digital World,Amit S. Mukherjee,Steve Menasche,$17.49,https://m.media-amazon.com/images/I/510AljqRZLL._SL500_.jpg
"The Ultimate 101 Facebook Guide for Branding, Marketing, and Business",Neo Monefa,Stephanie Quinn,$6.95,https://m.media-amazon.com/images/I/51qqO3E2D8L._SL500_.jpg
The Mutant Project,Eben Kirksey,Jonathan Todd Ross,$27.99,https://m.media-amazon.com/images/I/414B3yvJjvL._SL500_.jpg
Resumen Completo: Las Industrias Del Futuro [Full Summary: The Industries of the Future ],Libros Maestros,Ettel Addon,$3.95,https://m.media-amazon.com/images/I/513fbOTp-nS._SL500_.jpg
MYSQL: SQL Database Programming for Beginners,Kevin Lioy,Peter Prova,$6.95,https://m.media-amazon.com/images/I/51AEkmB6X5L._SL500_.jpg
Deep Learning,Anthony Adams,Russell Newton,$19.95,https://m.media-amazon.com/images/I/51Og8o6w+PL._SL500_.jpg
We Are the Nerds,Christine Lagorio-Chafkin,Chloe Cannon,$29.65,https://m.media-amazon.com/images/I/41VY8n-3opL._SL500_.jpg
Well Aware,George Finney,Brett Barry,$13.97,https://m.media-amazon.com/images/I/41PmrflMbUL._SL500_.jpg
The Distracted Mind,Larry D. Rosen,Chris Sorensen,$27.99,https://m.media-amazon.com/images/I/51C3EoGw9WL._SL500_.jpg
Intelligent Investor: Understanding the Technology of Cryptocurrency,Branden Lee,William Bahl,$19.95,https://m.media-amazon.com/images/I/515o3ATaShL._SL500_.jpg
Código limpio [Clean Code],JIM Lewis,Sarah Gómez,$14.95,https://m.media-amazon.com/images/I/51kjsuBGweL._SL500_.jpg
Confessions of a Scrum Master,Paul VII,Randal Schaffer,$6.95,https://m.media-amazon.com/images/I/41ndq+9xReL._SL500_.jpg
Thinking Machines,Luke Dormehl,Gus Brown,$20.99,https://m.media-amazon.com/images/I/61eBN3jBbhL._SL500_.jpg
"Simply the Best: Interviews with Video Game Designers, Composers and Scofflaws",Mat Bradley-Tschirgi,Payton Huang,$19.95,https://m.media-amazon.com/images/I/51OPjzvrbKL._SL500_.jpg
Python Advanced Programming,Marcus Richards,Peter Prova,$19.95,https://m.media-amazon.com/images/I/41GyBSnSnFL._SL500_.jpg
Power Trip,Michael E. Webber,L. J. Ganser,$29.65,https://m.media-amazon.com/images/I/412ztYal0lL._SL500_.jpg
Social Media Marketing Guide,Paul D. Kings,Dave Wright,$3.95,https://m.media-amazon.com/images/I/51EOXzbgV3L._SL500_.jpg
IRL,Chris Stedman,Kyle Scudder,$24.95,https://m.media-amazon.com/images/I/51ZUfzK8ZbL._SL500_.jpg
Cybersecurity,John Knowles,Scott Clem,$24.95,https://m.media-amazon.com/images/I/51S1mSmIyhL._SL500_.jpg
The Ultimate Digital Marketing Guide: SEO & Facebook (2 Books in 1),Matthew Bartnik,Jason Neeser,$19.95,https://m.media-amazon.com/images/I/51Mcwtk1beL._SL500_.jpg
Machine Learning with Python,Hugo Stone,Micheal Fargo,$14.95,https://m.media-amazon.com/images/I/41c61dFiUHL._SL500_.jpg
Talk to Me,James Vlahos,James Vlahos,$27.99,https://m.media-amazon.com/images/I/51VBuSH8P0L._SL500_.jpg
"Hacking: Wireless Hacking, Book 3",Alex Wagner,Matthew Broadhead,$6.95,https://m.media-amazon.com/images/I/61sHo+3SylL._SL500_.jpg
Ghost Work,Mary L. Gray,Will Damron,$17.49,https://m.media-amazon.com/images/I/61bdVbx8gbL._SL500_.jpg
Passive Income Online 2020,Jim Norton,Jeremy Prost,$19.95,https://m.media-amazon.com/images/I/51zDAz0sBFL._SL500_.jpg
"30 Days to Social Media Success: The 30 Day Results Guide to Making the Most of Twitter, Blogging, LinkedIN, and Facebook",Gail Carson Levine,Jason Huggins,$14.95,https://m.media-amazon.com/images/I/51UZHTSi1zL._SL500_.jpg
Artificial Intelligence,Clifford A. Pickover,Steve Menasche,$13.99,https://m.media-amazon.com/images/I/51SQssZPXjL._SL500_.jpg
"Computer Programming: JavaScript, Python, HTML, SQL, CSS",Willam Alvin Newton,Michael Waterson,$24.95,https://m.media-amazon.com/images/I/51+xGoP-AkL._SL500_.jpg
Instagram Marketing,Luke Harris,Aaron Miller,$14.95,https://m.media-amazon.com/images/I/51ijA6tiQPL._SL500_.jpg
Google Classroom 2020 Guide,Larry Jasperill,Sydney Becker,$3.95,https://m.media-amazon.com/images/I/51uciwdS4KL._SL500_.jpg
#HashtagActivism,Sarah J. Jackson,Lisa Reneé Pitts,$17.49,https://m.media-amazon.com/images/I/51BLCH4DHNL._SL500_.jpg
The Art of Social Media,Guy Kawasaki,Amanda Ronconi,$17.49,https://m.media-amazon.com/images/I/51ONnaokN0L._SL500_.jpg
We Were Yahoo!,Jeremy Ring,Marguerite Gavin,$19.95,https://m.media-amazon.com/images/I/51qjOb+XDvL._SL500_.jpg
"Your Definitive Guide for Machine Learning Framework, Machine Learning Model, Bayes Theorem, Decision Trees",Ken Richards,Jacob Ford,$6.95,https://m.media-amazon.com/images/I/51+mF9G3dWL._SL500_.jpg
Python Data Science,Tim Wired,Daniel Perez,$14.95,https://m.media-amazon.com/images/I/51VUj7+vh3L._SL500_.jpg
"Social Media Marketing #2019 #2020 Ultimate Course, Learn the Secrets of the Pros with Facebook, Twitter, Instagram, YouTube, Blogging, Increase Website Traffic and More!",Blake Carlson,Joe Wosik,$14.95,https://m.media-amazon.com/images/I/51Y29EbedCL._SL500_.jpg
Social Media for Writers: Marketing Strategies for Building Your Audience and Selling Books,Tee Morris,Pip Ballantine,$19.95,https://m.media-amazon.com/images/I/51itlPvdGwL._SL500_.jpg
The Age of the Python Language: Ultimate Python Programming Book,F. P. Riobo,Jeffrey W. Burgess,$6.95,https://m.media-amazon.com/images/I/516KPVnJyzL._SL500_.jpg
Machine Learning with Python: Encyclopedia for Young Programmers. First Book,Hugo Stone,Micheal Fargo,$14.95,https://m.media-amazon.com/images/I/41sVdsiz58L._SL500_.jpg
Blockchain: Two Books,Lee Sebastian,John Flemming,$14.95,https://m.media-amazon.com/images/I/51Zg-fwLmOL._SL500_.jpg
Machine Learning with Python: Encyclopedia for Young Programmers. Fourth Book,Hugo Stone,Micheal Fargo,$14.95,https://m.media-amazon.com/images/I/4166f3KAiAL._SL500_.jpg
More Awesome Than Money,Jim Dwyer,Pete Larkin,$27.99,https://m.media-amazon.com/images/I/511Q2AIIHTL._SL500_.jpg
The Facebook Effect,David Kirkpatrick,David Kirkpatrick,$24.95,https://m.media-amazon.com/images/I/61dksaO66ZL._SL500_.jpg
VR Transcend,Mike R. Heim,Ronald Andrew Murphy,$6.95,https://m.media-amazon.com/images/I/51uCFEkgpdL._SL500_.jpg
The Book on Content: Using Words to Attract Clients,Jen Miller,Jen Miller,$3.95,https://m.media-amazon.com/images/I/41epmj3Ez5L._SL500_.jpg
Social Media Marketing 2020,Josh Elliot,Derik Hendrickson,$14.95,https://m.media-amazon.com/images/I/51-nR1vBqmL._SL500_.jpg
Machine Learning with Python: Encyclopedia for Young Programmers. Second Book,Hugo Stone,Micheal Fargo,$14.95,https://m.media-amazon.com/images/I/41Bly5WI5lL._SL500_.jpg
"Creating Thought Leaders, Tweet Book 1",Mitchell Levy,Tony Cucolo,$3.95,https://m.media-amazon.com/images/I/41-pNwPk8iL._SL500_.jpg
SQL: 2 Books in 1,Keith Dvorjak,Corrie Legge,$19.95,https://m.media-amazon.com/images/I/41nbl-z3EEL._SL500_.jpg
SQL: Guía completa para principiantes de la programación SQL con ejercicios y estudios de casos (Libro En Espanol/SQL Spanish Book Version),Paige Jacobs,Iraima Arrechedera,$14.95,https://m.media-amazon.com/images/I/41C8rUTtuOL._SL500_.jpg
Hacking: 2 Books in 1 Bargain,Miles Price,Matyas Job Gombos,$6.95,https://m.media-amazon.com/images/I/51cAS+gkFcL._SL500_.jpg
Python: 2 Books in 1: Data Science and Programming,Tony Hacking,George Johnson,$19.95,https://m.media-amazon.com/images/I/51akb1PByeL._SL500_.jpg
Facebook Advertising 2020: Social Media Marketing Strategy,Edward Keller,Jim Rising,$14.95,https://m.media-amazon.com/images/I/51AJ-ueWdJL._SL500_.jpg
Hacking: Networking and Security - 2 Books in 1,John Medicine,Matthew Strong,$19.95,https://m.media-amazon.com/images/I/518bpU7Zt1L._SL500_.jpg
Data for the People,Andreas S. Weigend,Barry Abrams,$20.99,https://m.media-amazon.com/images/I/51jaTLsj3+L._SL500_.jpg
Python for Beginners,Marcus Richards,Peter Prova,$14.95,https://m.media-amazon.com/images/I/51pcUhqeyuL._SL500_.jpg
Master Content Strategy,Pamela Wilson,Pamela Wilson,$14.95,https://m.media-amazon.com/images/I/51yhrymswNL._SL500_.jpg
Command the Crowd,J. E. Ford,Josh Innerst,$14.95,https://m.media-amazon.com/images/I/41THTiXL2wL._SL500_.jpg
The Messy Middle,Scott Belsky,Scott Belsky,$24.00,https://m.media-amazon.com/images/I/51evUxAn34L._SL500_.jpg
"Programming, Book 50",Sam Key,Millian Quinteros,$3.95,https://m.media-amazon.com/images/I/61lCCvFXd+L._SL500_.jpg
"Your Comprehensive Guide for Markov Models, Reinforced Learning, Model Evaluation, SVM, Naives Bayes Classifier",Ken Richards,Jacob Ford,$6.95,https://m.media-amazon.com/images/I/61Go3wwYTQL._SL500_.jpg
Arduino,Erick Myers,Marcus Mulenga,$19.95,https://m.media-amazon.com/images/I/51aQ5sjZLML._SL500_.jpg
Artificial Intelligence,David Brown,Jason Belvill,$24.95,https://m.media-amazon.com/images/I/51JK00aYLkL._SL500_.jpg
Python Cookbook,Gary Gold,Brody Sneakers,$6.95,https://m.media-amazon.com/images/I/51R8iiRsptL._SL500_.jpg
Learn Python,Tim Wired,Daniel Perez,$14.95,https://m.media-amazon.com/images/I/51WgkpRDgDL._SL500_.jpg
VR Zombies,Mike R. Heim,Dan Schlangen,$3.95,https://m.media-amazon.com/images/I/51hCkIAOaBL._SL500_.jpg
The Connected Parent,John Palfrey,Abby Craden,$29.65,https://m.media-amazon.com/images/I/513A-1OdCYL._SL500_.jpg
Move Fast and Break Things,Jonathan Taplin,Jonathan Taplin,$11.99,https://m.media-amazon.com/images/I/51XC7SlJ5pL._SL500_.jpg
Python: 2 Books in 1,Steve Geddis,Micah Howery,$19.95,https://m.media-amazon.com/images/I/51TLEJN7h+L._SL500_.jpg
SQL: Advanced Level SQL from the Ground Up,Keith Dvorjak,Corrie Legge,$6.95,https://m.media-amazon.com/images/I/51YelOo3mfL._SL500_.jpg
MS Excel Bible: Save Your Time with MS Excel!,Andrei Besedin,Steven Kumar,$19.95,https://m.media-amazon.com/images/I/513JIDYXizL._SL500_.jpg
Virtual Breadwinner,J.W. Hagarty,Wes Miles,$6.95,https://m.media-amazon.com/images/I/61zrmor6UBL._SL500_.jpg
JavaScript: Programmieren für Einsteiger [JavaScript: Programming for Beginners],Paul Fuchs,Volker Boelsch,$19.95,https://m.media-amazon.com/images/I/41lTdlFe8gL._SL500_.jpg
"Wikipedia, Twitter, YouTube, Pinterest, and Facebook Reflections: 25 Poems",Andrew Bushard,Darby Croasdale,$3.95,https://m.media-amazon.com/images/I/51Ul+62+uvL._SL500_.jpg
Social Media Marketing,Warren Ellison,Jordan Lyric,$14.95,https://m.media-amazon.com/images/I/51mgU68JYuL._SL500_.jpg
Diary of a Wimpy Mob: Entering the Nether,Justin B. Harrison,Ryan DeRemer,$3.95,https://m.media-amazon.com/images/I/614vesckVFL._SL500_.jpg
Podcast Authorized,Jenn Foster,Tom Askin,$6.95,https://m.media-amazon.com/images/I/51LWy-09ctL._SL500_.jpg
50 Things to Know About Becoming a Girl Gamer,R.E. Strayer,Amanda Dettman,$6.95,https://m.media-amazon.com/images/I/51UWW1MXVhS._SL500_.jpg
"Facebook Marketing: 30 Highly Effective Strategies for Business, Advertising, Generating Sales, and Passive Income",A.J. Robbins,Joe Dawson,$3.95,https://m.media-amazon.com/images/I/51nJosQGbgL._SL500_.jpg
5 Minutes a Day Guide to Facebook,Penny King,Raya J. Thomason,$6.95,https://m.media-amazon.com/images/I/51iX4wk4yAL._SL500_.jpg
Microservices with Kubernetes: Non-Programmer’s Handbook,Stephen Fleming,Ryan Withrow,$14.95,https://m.media-amazon.com/images/I/51FgAUhjOiL._SL500_.jpg
Deep Learning: Step-by-Step | A Sensible Guide Presenting the Concepts of Deep Learning with Real-World Examples,Matthew Harper,Matyas J.,$6.95,https://m.media-amazon.com/images/I/6143Mub0tfL._SL500_.jpg
Learning to Fly,Kris M Schnee,Nikki Jay,$24.95,https://m.media-amazon.com/images/I/51rUens9IoL._SL500_.jpg
Important Innovations: Collection: Robotic Innovation,Edward Kane,Maryanne Kane,$6.95,https://m.media-amazon.com/images/I/41QSPpXQ28L._SL500_.jpg
What Is Computer Coding?,Mary K. Pratt,Intuitive,$4.89,https://m.media-amazon.com/images/I/51suy8BrhaL._SL500_.jpg
Social Media Marketing Beginner Guide,Scorpio Digital Press,Derik Hendrickson,$6.95,https://m.media-amazon.com/images/I/51M4Il30LKL._SL500_.jpg
Social Media Marketing for Business 2020,Richard Flagg,Micheal Stuhre,$24.95,https://m.media-amazon.com/images/I/51dz4MMrvgL._SL500_.jpg
Build Your Badass Brand,Maria Green,Jeannette Smith,$19.95,https://m.media-amazon.com/images/I/51ygo9I3XAL._SL500_.jpg
Learning Python: The Ultimate Guide for Beginners to Coding with Python with Useful Tools,Oliver Soranson,Harry Thomson,$19.95,https://m.media-amazon.com/images/I/51X+0vtlffL._SL500_.jpg
Social Media Marketing for Business 2019,Steven Sparrow,Russell Newton,$14.95,https://m.media-amazon.com/images/I/51hvUZ0w7dL._SL500_.jpg
Where Social Media Marketing Is Headed in the Next 5 Years,Henry Chambers,Peter Prova,$14.95,https://m.media-amazon.com/images/I/51iZGNOsP+L._SL500_.jpg
Blogging for Money,Mark Gray,Timothy Brandolino,$6.95,https://m.media-amazon.com/images/I/51YbToNHmgL._SL500_.jpg
Beginning Python Programming: Learn Python Programming in 7 Days,Matt Harrison,John Edmondson,$19.95,https://m.media-amazon.com/images/I/51+I1QDjiRL._SL500_.jpg
Machine Learning for Beginners,Chris Sebastian,Brian R. Scott,$14.95,https://m.media-amazon.com/images/I/51Z+4x3odqL._SL500_.jpg
Kubernetes Handbook: Non-Programmer’s Guide to Deploy Applications with Kubernetes,Stephen Fleming,Austin R Stoler,$6.95,https://m.media-amazon.com/images/I/61wvW4BRFzL._SL500_.jpg
Social Media Marketing for Beginners,Jeremy Preace,Nicholas Connell,$14.95,https://m.media-amazon.com/images/I/51fwWe-5sCL._SL500_.jpg
Blog Mastery,Taylor Torres,Leigh Ann Haga,$24.95,https://m.media-amazon.com/images/I/51pWUGIE15L._SL500_.jpg
Python for Beginners,Andrew Park,Russell Newton,$14.95,https://m.media-amazon.com/images/I/51qajFhKrVL._SL500_.jpg
Facebook Advertising 2019: Marketing Your Social Media to Create a Live Business,Gary Loomer,Jim D Johnston,$6.95,https://m.media-amazon.com/images/I/51rjTx1jN9L._SL500_.jpg
JavaScript: Elite JavaScript Coding from the Ground Up,Keith Dvorjak,Sean Posvistak,$14.95,https://m.media-amazon.com/images/I/51x5qQq5pxL._SL500_.jpg
Hacking: Book 2,Jim Lewis,JJ Hosenfeld,$14.95,https://m.media-amazon.com/images/I/51fGyGy4ehL._SL500_.jpg
YouTube: 2 Books in 1,Rick Sellers,Paul D. Henry,$19.95,https://m.media-amazon.com/images/I/51ym2QPLyjL._SL500_.jpg
Facebook Marketing Guide,Jeff Abston,Jason Burkhead,$6.95,https://m.media-amazon.com/images/I/51h91lo4gKL._SL500_.jpg
Dot Con,James Veitch,James Veitch,$28.50,https://m.media-amazon.com/images/I/41WBcXJwZIL._SL500_.jpg
Computer Programming Languages: 2 Books in 1: For Beginners or Intermediate,Tony Chan,Jeremy Prost,$19.95,https://m.media-amazon.com/images/I/51K3O-Q+nAL._SL500_.jpg
"Hacking: 10 Most Dangerous Cyber Gangs, Book 5",Alex Wagner,Matyas J.,$6.95,https://m.media-amazon.com/images/I/61PzCV2nJ8L._SL500_.jpg
Data Science 2020: Learn How to Optimize Your Business Using Data Analytics and Machine Learning,Bill Hanson,Michael Reece,$19.95,https://m.media-amazon.com/images/I/51RINDGQYJL._SL500_.jpg
Machine Learning Box Set: 2 Books in 1,John Slavio,Russell Archey,$14.95,https://m.media-amazon.com/images/I/51evVogTcuL._SL500_.jpg
Learn Python,Anthony Adams,Russell Newton,$19.95,https://m.media-amazon.com/images/I/51i-545o-DL._SL500_.jpg
Hacking: 2 Books in 1: Beginners and Intermediate Guide in Hacking,Zach Webber,William Bahl,$6.95,https://m.media-amazon.com/images/I/51BwKKP9AmL._SL500_.jpg
Python Handbook Vol. 5: The Best Collection on Python 3 and Python Crash Course Ever,Gary Gold,Mark Graham,$19.95,https://m.media-amazon.com/images/I/61D9+88pzsL._SL500_.jpg
Social Media Marketing Guide to Business,Zeke Woods,Christopher C. Odom,$14.95,https://m.media-amazon.com/images/I/51LLAJ8yIOS._SL500_.jpg
Hacking: The Ultimate Beginner's Guide to Learn Hacking Effectively,Daniel Jones,Pete Beretta,$6.95,https://m.media-amazon.com/images/I/51O4oxod+pL._SL500_.jpg
50 Ways to Make Money on Facebook,Debbie Muller,Raya J. Thomason,$3.95,https://m.media-amazon.com/images/I/51zEqiVzNiL._SL500_.jpg
Agile Decisions: Driving Effective Agile Decisions in Business,Michael Nir,Barbara H. Scott,$6.95,https://m.media-amazon.com/images/I/51HHdUA4TeL._SL500_.jpg
Starting a Podcast in 2020,Jim Cliff,Jim Cliff,$6.95,https://m.media-amazon.com/images/I/51aJrR3YO+L._SL500_.jpg
The Second Age of Computer Science,Subrata Dasgupta,Mike Chamberlain,$29.95,https://m.media-amazon.com/images/I/512Hd6WynBL._SL500_.jpg
How to Land a Tech Job,Gil Davis,Millian Quinteros,$6.95,https://m.media-amazon.com/images/I/51JbhwHRJ3L._SL500_.jpg
"Tor: Access the Dark Net, Stay Anonymous Online and Escape NSA Spying",Evan Lane,Gregory Sutton,$6.95,https://m.media-amazon.com/images/I/515GtxVBOOL._SL500_.jpg
Likeable Social Media,Dave Kerpen,Christopher Prince,$20.99,https://m.media-amazon.com/images/I/41Uons2jGUL._SL500_.jpg
Sql: 2 Books in 1 - The Ultimate Beginner's Guide to Learn SQL Programming Effectively & Tips and Tricks to Learn SQL Programming,Daniel Jones,Pete Beretta,$6.95,https://m.media-amazon.com/images/I/61RSkkPJG1L._SL500_.jpg
Technically Wrong,Sara Wachter-Boettcher,Andrea Emmes,$20.99,https://m.media-amazon.com/images/I/51HIsDlfs9L._SL500_.jpg
Change Management Lessons from Downton Abbey,Laurelie Martinson,Ralph Booth,$6.95,https://m.media-amazon.com/images/I/51X6SHwCsoL._SL500_.jpg
How to See the World,Nicholas Mirzoeff,Jonathan Keeble,$21.81,https://m.media-amazon.com/images/I/41hOWTR8rAL._SL500_.jpg
Hacking,Walter Spivak,Elliott Carr,$6.95,https://m.media-amazon.com/images/I/61ZnLilGepL._SL500_.jpg
Basics of JavaScript,Robert Matthew,Landon Campbell,$6.95,https://m.media-amazon.com/images/I/41ss8hyprXL._SL500_.jpg
Python Programming,Matthew Python,Charles Young,$19.95,https://m.media-amazon.com/images/I/51n8qDKQiTL._SL500_.jpg
How to Delete Books on Kindle,Peter Jackson,Courtney Encheff,$3.95,https://m.media-amazon.com/images/I/51GD9qErE-L._SL500_.jpg
Schneier on Security,Bruce Schneier,Ken Maxon,$24.95,https://m.media-amazon.com/images/I/5166bPq5qCL._SL500_.jpg
Social Media Marketing Mastery 2020,Oliver Alexander Martin,Chiquito Joaquim Crasto,$14.95,https://m.media-amazon.com/images/I/51i-As7gUyL._SL500_.jpg
Agile Project Management,Alex Moore,Robert Plank,$14.95,https://m.media-amazon.com/images/I/518rKf3E6CL._SL500_.jpg
Facebook Advertising and Instagram Influencer,Trill Lyon,David Martin,$14.95,https://m.media-amazon.com/images/I/51nuXHNOhIL._SL500_.jpg
Social Media Marketing 2020 Strategy,Steve Strategy,John Griffith,$19.95,https://m.media-amazon.com/images/I/51z87XX-ZlL._SL500_.jpg
Social Media Marketing Complete Guide 2019,Mark Miller,Daniel Meeks,$14.95,https://m.media-amazon.com/images/I/51VBpa0v1DL._SL500_.jpg
Social Media Marketing 2019,Chandler Wright,Sam Slydell,$14.95,https://m.media-amazon.com/images/I/51U9Zjg2J1L._SL500_.jpg
Python Data Science,Computer Programming Academy,Jeff Bower,$14.95,https://m.media-amazon.com/images/I/51AIWOwfW0L._SL500_.jpg
Blogging: Blogging for Income,Ezekiel Brenner,Jason R. Gray,$6.95,https://m.media-amazon.com/images/I/51IcYDZXVxL._SL500_.jpg
Learn Marketing Online,Jack G. Bussolt,William Bahl,$14.95,https://m.media-amazon.com/images/I/51xE+wObI1L._SL500_.jpg
Facebook Marketing: Mastering FB Social Media Platform,Noah Hope,Bridger Conklin,$6.95,https://m.media-amazon.com/images/I/51Quv3ERdEL._SL500_.jpg
Social Media Marketing: 2020,Chandler Wright,Lee Jagow,$14.95,https://m.media-amazon.com/images/I/51trbFRyGQL._SL500_.jpg
Blogging,Peter Cole,John Flemming,$14.95,https://m.media-amazon.com/images/I/513niCSQUZL._SL500_.jpg
"Machine Learning: Your Ultimate Guide on Machine Learning, Agile Project Management, and Hacking",Robert Keane,Mike Davis,$14.95,https://m.media-amazon.com/images/I/61a5lZ33jIL._SL500_.jpg
Ethereum: Everything You Need to Know About Ethereum,Corey Bowen,Andy Dickson,$3.95,https://m.media-amazon.com/images/I/513AMsp3f-L._SL500_.jpg
Heartificial Intelligence,John Havens,Eric Summerer,$20.99,https://m.media-amazon.com/images/I/51VVxCewIQL._SL500_.jpg
C # (Spanish Edition),Benjamin Smith,Christian Jimenez,$19.95,https://m.media-amazon.com/images/I/41LXrpapgpS._SL500_.jpg
"Artificial Intelligence, Machine Learning, and Deep Learning",Mark Howard,Robert Grothe,$19.95,https://m.media-amazon.com/images/I/51Ue7cuPcVL._SL500_.jpg
SQL,Keith Dvorjak,Corrie Legge,$6.95,https://m.media-amazon.com/images/I/41Y7Kgv-q2L._SL500_.jpg
Python Programming,Daniel Jones,Pete Beretta,$6.95,https://m.media-amazon.com/images/I/61NFrsJQfoL._SL500_.jpg
Facebook Marketing Guide for Beginners,Steven Murphy,Jon Filipko,$6.95,https://m.media-amazon.com/images/I/515C4BT8ovL._SL500_.jpg
Python Programming in a Day & HTML Professional Programming Made Easy,Sam Key,Millian Quinteros,$3.95,https://m.media-amazon.com/images/I/61eCaEBs-7L._SL500_.jpg
Facebook Ad Marketing Tips for Beginners,Thomas Barnett,William Brady,$3.95,https://m.media-amazon.com/images/I/51Xbg7X-KsL._SL500_.jpg
SEO: The Seven Tips to Succeed in Google,Thomas Clayton,David Otey,$3.95,https://m.media-amazon.com/images/I/51Gnv+zB30L._SL500_.jpg
Lost and Founder,Rand Fishkin,Rand Fishkin,$21.81,https://m.media-amazon.com/images/I/51pgix-nt0L._SL500_.jpg
Social Media Marketing,Trill Lyon,DOS,$24.95,https://m.media-amazon.com/images/I/513xqyKZDKL._SL500_.jpg
Ignite Your Impact,Emily Hirsh,Emily Hirsh,$6.95,https://m.media-amazon.com/images/I/51b7F6SQOkL._SL500_.jpg
Aprendizaje Automatizado Con Python [Automated Learning with Python],Alexander Cane,Karla Castillo,$14.95,https://m.media-amazon.com/images/I/5101iG3vfKL._SL500_.jpg
Programming for Beginners,Daniel Jones,Pete Beretta,$19.95,https://m.media-amazon.com/images/I/61UpSuLgcCL._SL500_.jpg
What It Takes,Raegan Moya-Jones,Raegan Moya-Jones,$21.81,https://m.media-amazon.com/images/I/41cRpmEjbrL._SL500_.jpg
Facebook Influencer Guide,Jeff Abston,Jason Burkhead,$6.95,https://m.media-amazon.com/images/I/51V+fcSl9GL._SL500_.jpg
Hacking: 2 Books in 1,Daniel Jones,Pete Beretta,$6.95,https://m.media-amazon.com/images/I/51c-xOn4k1L._SL500_.jpg
JavaScript: 2 Books in 1- The Ultimate Beginner's Guide to Learn JavaScript Programming Effectively & Tips and Tricks to learn JavaScript,Daniel Jones,Pete Beretta,$6.95,https://m.media-amazon.com/images/I/513s0YN7QZL._SL500_.jpg
Total Recall,Gordon Bell,John Haag,$20.99,https://m.media-amazon.com/images/I/51RCzJ1oKyL._SL500_.jpg
Tom Paine's Iron Bridge,Edward G. Gray,Tom Perkins,$19.95,https://m.media-amazon.com/images/I/613-CqKZeyL._SL500_.jpg
"Our Robots, Ourselves",David A. Mindell,David Chandler,$24.49,https://m.media-amazon.com/images/I/51Y1vvPS0JL._SL500_.jpg
Bitcoin [Spanish Edition],Mark Smith,Nicolas Villanueva,$6.95,https://m.media-amazon.com/images/I/51098eMBn8L._SL500_.jpg
Python,Marc Matthes,Chris Clyne,$19.95,https://m.media-amazon.com/images/I/51L5BeckP6L._SL500_.jpg
Machine Learning + AI,Melvin Doyle,Valentina Di Paola,$19.95,https://m.media-amazon.com/images/I/51VmHkUULBL._SL500_.jpg
Social Media Marketing for Business 2020,Luc Vaillant,DOS,$24.95,https://m.media-amazon.com/images/I/51g9bmQ5u6L._SL500_.jpg
Python Data Science,Mark Solomon Brown,Kevin Liang,$14.95,https://m.media-amazon.com/images/I/51hnf9GOYVL._SL500_.jpg
SQL: Beginner Level SQL from the Ground Up,Keith Dvorjak,Corrie Legge,$6.95,https://m.media-amazon.com/images/I/51Pk-tvsClL._SL500_.jpg
Free to Make,Dale Dougherty,Jeff Machado,$41.93,https://m.media-amazon.com/images/I/51xoyURtccL._SL500_.jpg
The World of Cyber Security and Is Cyber Deterrence Possible?,Tom Brooks and The US Defense Department,Tom Brooks,$6.95,https://m.media-amazon.com/images/I/51dcNEz9LTS._SL500_.jpg
Inside Facebook (German edition),Sheera Frenkel,Verena Wolfien,$23.66,https://m.media-amazon.com/images/I/41WKpTMfftS._SL500_.jpg
SQL: Intermediate Level SQL from the Ground Up,Keith Dvorjak,Corrie Legge,$6.95,https://m.media-amazon.com/images/I/51E-sDWm58L._SL500_.jpg
Hacking,Gary Mitnick,Dale M. Wilcox,$6.95,https://m.media-amazon.com/images/I/61hsHJ7pYcL._SL500_.jpg
Photoshop Handbook,Binary Lab,Steve Williams,$3.95,https://m.media-amazon.com/images/I/51j3tSm5sTL._SL500_.jpg
Facebook Blue Magic,Christopher Miller,Andy Prost,$14.95,https://m.media-amazon.com/images/I/41ylLfyq8kL._SL500_.jpg
Ethereum: A Comprehensive Guide for Ethereum and How to Make Money with It,Mark Smith,Dave Wright,$6.95,https://m.media-amazon.com/images/I/51NdW6UoeoL._SL500_.jpg
Bitcoin Guidebook,Joseph Goodman,Dave Wright,$6.95,https://m.media-amazon.com/images/I/61FgjqtmyhL._SL500_.jpg
Facebook Outreach,Anoop Badedlu Suresh,Craig W. Van Sickle,$3.95,https://m.media-amazon.com/images/I/51zSnktbC2S._SL500_.jpg
Docker: 4 Books in 1,Daniel Jones,Pete Beretta,$19.95,https://m.media-amazon.com/images/I/51UkSE09OYL._SL500_.jpg
Hacking: 3 Books in 1,Daniel Jones,Pete Beretta,$14.95,https://m.media-amazon.com/images/I/61mEoSZsa6L._SL500_.jpg
CCNA: una guía completa para la última certificación CCNA [CCNA: A Complete Guide to the Latest CCNA Certification],Walker Schmidt,John E. Martinez,$14.95,https://m.media-amazon.com/images/I/61kyraAXUNS._SL500_.jpg
Bitcoin Hacking,Akito Yamamoto,Marianne,$3.95,https://m.media-amazon.com/images/I/61vyNHAhz-L._SL500_.jpg
Life Finds a Way,Andreas Wagner,Alex Hyde-White,$29.65,https://m.media-amazon.com/images/I/616QeChASNL._SL500_.jpg
Código limpio [Clean Code],Jim Lewis,Willians Laguna,$14.95,https://m.media-amazon.com/images/I/510sFHzw4vS._SL500_.jpg
Facebook: Facebook Marketing Mastery,Marketing Mastery,Chuck Brown,$6.95,https://m.media-amazon.com/images/I/51ocqGN1YpS._SL500_.jpg
A Brief History of Artificial Intelligence,Michael Wooldridge,Glen McCready,$18.89,https://m.media-amazon.com/images/I/51wrn2DtLnL._SL500_.jpg
Artificial Intelligence,Chris Baker,Russell Archey,$19.95,https://m.media-amazon.com/images/I/51PCIHewWFL._SL500_.jpg
The Basic Guide to Creating a Successful Facebook Ad Campaign,Gini Graham Scott,Dan Shapiro,$6.95,https://m.media-amazon.com/images/I/51vFFw6HylL._SL500_.jpg
Facebook Growth Hacking: How to Correctly Set Up and Maintain Your Facebook Presence and Gain Massive Amounts of Fans,Jeff Abston,Jason Burkhead,$6.95,https://m.media-amazon.com/images/I/51GGbEZy2mL._SL500_.jpg
A Necessary Evil,Aliah D. Wright,Emily Beresford,$17.49,https://m.media-amazon.com/images/I/51yLWYikrjL._SL500_.jpg
Social Media Marketing,Michael Hanes,Lyndsay Crescenti,$14.95,https://m.media-amazon.com/images/I/519w7fJZGXL._SL500_.jpg
"Bitcoin: 2 Manuscripts: Blockchain, Cryptocurrency",Corey Bowen,Andy Dickson,$6.95,https://m.media-amazon.com/images/I/5138vn1L8mL._SL500_.jpg
Data Mining Techniques,Dr. Amid Shafiq Nassar,Aidan McKernan,$6.95,https://m.media-amazon.com/images/I/51s-C1m0DXL._SL500_.jpg
Facebook Advertising,Calvin Becker,Joe Wosik,$14.95,https://m.media-amazon.com/images/I/51Tq+VM4eFL._SL500_.jpg
Social Media Marketing 2019,Dave Welch,K. Michael Prince,$6.95,https://m.media-amazon.com/images/I/51RjK86dsvL._SL500_.jpg
Python 3: Programmieren für Einsteiger: Der leichte Weg zum Python-Experten [Python 3: Programming for Beginners: The Easy Way to the Python Expert],Michael Bonacina,Daniel Meyer-Dinkgrafe,$19.95,https://m.media-amazon.com/images/I/51UVhCHdaxL._SL500_.jpg
Internet Marketing for Women: Proven & Effective Strategies to Grow Your Business & Make More Money with Social Media & Fabulous Marketing Tools,Julie Rausch,Michelle Murillo,$6.95,https://m.media-amazon.com/images/I/61KFUGjBGRL._SL500_.jpg
Mark Zuckerberg: The Face Behind Facebook,Daniel Alef,Baron Ron Herron,$3.49,https://m.media-amazon.com/images/I/51YBBaOFhFL._SL500_.jpg
Analogia,George Dyson,Donald Corren,$24.49,https://m.media-amazon.com/images/I/517OleqBE-L._SL500_.jpg
VBA Bible: Save Your Time with VBA: 5 Quality VBA Books in One Package!,Andrei Besedin,Kirby Kaye,$6.95,https://m.media-amazon.com/images/I/51TgoUOR++L._SL500_.jpg
Machine Learning: Two-Book Bundle,Robert Keane,Mike Davis,$6.95,https://m.media-amazon.com/images/I/613Z3W6OfYL._SL500_.jpg
PowerShell: 4 Books in 1,Daniel Jones,Pete Beretta,$19.95,https://m.media-amazon.com/images/I/51OLFtTiNDL._SL500_.jpg
JavaScript: 3 Books in 1,Mr. Daniel Jones,Pete Beretta,$6.95,https://m.media-amazon.com/images/I/619HYXB57ML._SL500_.jpg
SQL: 3 Books in 1,Daniel Jones,Pete Beretta,$14.95,https://m.media-amazon.com/images/I/615sgGoc-jL._SL500_.jpg
Social Media Marketing Secrets: 2 Books in 1,Steve Mavis,Cory Warner,$19.95,https://m.media-amazon.com/images/I/51Ti9YTkJjL._SL500_.jpg
Python Programming: 3 Books in 1,Daniel Jones,Pete Beretta,$14.95,https://m.media-amazon.com/images/I/61bBkPbgNLL._SL500_.jpg
"Windows 10: The Ultimate Beginners Manual, Book 3",Max Green,Machelle Williams,$3.95,https://m.media-amazon.com/images/I/51RxgVynPML._SL500_.jpg
Internet Scams: Money Adders Like PayPal and Bitcoin Scams Exposed,David Money,Glynn Amburgey,$3.95,https://m.media-amazon.com/images/I/51Dmexs3tWL._SL500_.jpg
Facebook Marketing Advertising 2020: Find How Optimizing Your Facebook Page and Advertising on Facebook to Create an Income for Your Business,Elizabeth Shiny,Sharon Plummer,$14.95,https://m.media-amazon.com/images/I/51wBs82XMeL._SL500_.jpg
Totally Wired,Andrew Smith,Adam Lofbomm,$20.99,https://m.media-amazon.com/images/I/51cIS0Os6OL._SL500_.jpg
Open Community,Lindy Dreyer,Maria Callier,$6.95,https://m.media-amazon.com/images/I/51xuvjuCs8L._SL500_.jpg
Python Programming in a Day & JavaScript Professional Programming Made Easy,Sam Key,Millian Quinteros,$3.95,https://m.media-amazon.com/images/I/61u-fBlDv4L._SL500_.jpg
Enterprise Artificial Intelligence Transformation,Rashed Haq,Perry Daniels,$17.49,https://m.media-amazon.com/images/I/51oBc3AGOBL._SL500_.jpg
Der Facebook-Effekt,David Kirkpatrick,Rainer Fritzsche,$26.81,https://m.media-amazon.com/images/I/417jdxNHYlL._SL500_.jpg
Broad Band,Claire L. Evans,Claire L. Evans,$28.00,https://m.media-amazon.com/images/I/51crMxQtN7L._SL500_.jpg
Facebook - Weltmacht am Abgrund,Steven Levy,Thomas Schmuckert,$34.52,https://m.media-amazon.com/images/I/41Ckb8A7sRL._SL500_.jpg
Dave Barry in Cyberspace,Dave Barry,Shadoe Stevens,$14.95,https://m.media-amazon.com/images/I/315KZfv-ZTL._SL500_.jpg
How We Got to Now,Steven Johnson,George Newbern,$21.31,https://m.media-amazon.com/images/I/51EYDfkWYVL._SL500_.jpg
The End of Big,Nicco Mele,Sean Runnette,$24.47,https://m.media-amazon.com/images/I/41B59ePDBoL._SL500_.jpg
Wild Ride,Adam Lashinsky,Adam Lashinsky,$21.31,https://m.media-amazon.com/images/I/51rPWGYX1hL._SL500_.jpg
90 Days: A CISO’s Journey to Impact,SentinelOne Publication,SentinelOne,$3.95,https://m.media-amazon.com/images/I/51wm-kAXvpL._SL500_.jpg
Einstein's War,Matthew Stanley,Matthew Stanley,$26.17,https://m.media-amazon.com/images/I/41ieTFAAQ7L._SL500_.jpg
On Us,Mark Scott,Mark Scott,$11.44,https://m.media-amazon.com/images/I/41QfdHuPHBL._SL500_.jpg
Hivemind,Sarah Rose Cavanagh,Tavia Gilbert,$21.81,https://m.media-amazon.com/images/I/61MWVkBwfwL._SL500_.jpg
Python for Data Analysis,Tony Hacking,George Johnson,$14.95,https://m.media-amazon.com/images/I/51nfbm+31CL._SL500_.jpg
Manuale di Facebook Marketing,Nunzio Capasso,Giuseppe Magazzù,$11.25,https://m.media-amazon.com/images/I/416pgJG+ZnL._SL500_.jpg
Social Media Marketing 2020,Lucas Taylor,Marcus Mulenga,$19.95,https://m.media-amazon.com/images/I/51IuG0Qa1xL._SL500_.jpg
Python Programming Professional Made Easy & Facebook Social Power,Sam Key,Millian Quinteros,$3.95,https://m.media-amazon.com/images/I/61nxjQXDevL._SL500_.jpg
Python Programming in a Day & CSS Programming Professional Made Easy,Sam Key,Millian Quinteros,$3.95,https://m.media-amazon.com/images/I/61-6U5sSoSL._SL500_.jpg
Facebook Social Power: The Most Powerful Represented Facebook Guide to Making Money on Anything on the Planet!,Sam Key,Millian Quinteros,$3.95,https://m.media-amazon.com/images/I/61BPstE2iDL._SL500_.jpg
Nerd Attack!,Christian Stöcker,Uve Teschner,$18.75,https://m.media-amazon.com/images/I/51HB44olBWL._SL500_.jpg
The Impact of Innovation: Entertainment,Tom Stuczynski,Paul Aulridge,$14.95,https://m.media-amazon.com/images/I/41RNsA9tzuL._SL500_.jpg
Online Marketing Books,Adam Richards,Steve Peck,$6.95,https://m.media-amazon.com/images/I/51g0J0HKo8L._SL500_.jpg
Likeable Social Media,Dave Kerpen,Christopher Prince,$20.99,https://m.media-amazon.com/images/I/518SYUufQZL._SL500_.jpg
Amazon Echo Show 5 Buch [Amazon Echo Show 5 Book],Alexander Lechoba,Leon Busch,$14.95,https://m.media-amazon.com/images/I/51lw12-RrzL._SL500_.jpg
Blogging: How to Sell Your Soul for a Million Dollar Blog,Efron Hirsch,Dave Wright,$6.95,https://m.media-amazon.com/images/I/61cOhFWGExL._SL500_.jpg
Blockchain: Everything You Need to Know About Blockchain,Corey Bowen,Andy Dickson,$3.95,https://m.media-amazon.com/images/I/51tvDi21xzL._SL500_.jpg
Facebook本質マーケティング,アポロ,アポロ,$16.55,https://m.media-amazon.com/images/I/51C8q2Fvm4L._SL500_.jpg
"Ethereum, Book 4",Leonard Eddison,William Bahl,$3.95,https://m.media-amazon.com/images/I/51I0xcwCIWL._SL500_.jpg
That Book on Big Data: A One-Hour Intro,Bobby Timberlake,Steve Rausch,$6.95,https://m.media-amazon.com/images/I/41B5UNZ0M1L._SL500_.jpg
Gemeinsam einsam,Carsten Görig,Andreas Herrler,$11.80,https://m.media-amazon.com/images/I/51oLVh0YTtL._SL500_.jpg
Bitcoin: Everything You Need to Know About Bitcoin,Corey Bowen,Andy Dickson,$3.95,https://m.media-amazon.com/images/I/519bw3Ufb3L._SL500_.jpg
Python Programming in a Day & Facebook Social Power,Sam Key,Millian Quinteros,$3.95,https://m.media-amazon.com/images/I/61LL2fSbQeL._SL500_.jpg
C Programming Professional Made Easy & Facebook's Social Power,Sam Key,Millian Quinteros,$3.95,https://m.media-amazon.com/images/I/61DOzv3cH4L._SL500_.jpg
Hacking,Max Green,Francie Wyck,$6.95,https://m.media-amazon.com/images/I/51bTEnFkvLL._SL500_.jpg
Programming #6:C Programming Success in a Day & Facebook Social Power,Sam Key,Millian Quinteros,$3.95,https://m.media-amazon.com/images/I/61WXC8AfKkL._SL500_.jpg
Social Media Marketing 2019,Carmelo Mazzini,Alessandro Bianchi,$7.85,https://m.media-amazon.com/images/I/51pL4naW60L._SL500_.jpg
What's Inside My Computer?,Christine Zuchora-Walske,Intuitive,$4.89,https://m.media-amazon.com/images/I/61M5UqHAM5L._SL500_.jpg
Facebook Advertising,Simon M. Lion,R.E. Harter,$14.95,https://m.media-amazon.com/images/I/41AclL3Ps5L._SL500_.jpg
Facebook: Mit Facebook Marketing für Anfänger und Fortgeschrittene zu mehr Erfolg [Facebook Marketing for Beginners and Advanced to Achieve More Success],Mike Kaulitz,Joshua Atkins,$3.95,https://m.media-amazon.com/images/I/61GTcq1iEaL._SL500_.jpg
My Personal Facebook Wall: 2011-2014,William Jiang,Tyler Cochran,$3.95,https://m.media-amazon.com/images/I/51v0Ao7habL._SL500_.jpg
